gene_id,chrom,tss
ENSG00000284733.2,chr1,451678
ENSG00000284662.2,chr1,686654
ENSG00000237330.3,chr1,1074306
ENSG00000176022.7,chr1,1232237
ENSG00000205116.4,chr1,1425871
ENSG00000215915.10,chr1,1449689
ENSG00000205090.10,chr1,1540624
ENSG00000228594.4,chr1,1600135
ENSG00000215912.13,chr1,2801693
ENSG00000169717.7,chr1,3021467
ENSG00000131686.15,chr1,8945867
ENSG00000197241.4,chr1,9026423
ENSG00000175262.15,chr1,10982076
ENSG00000204518.3,chr1,12644085
ENSG00000116726.5,chr1,12773738
ENSG00000116721.9,chr1,12791397
ENSG00000239810.3,chr1,12831410
ENSG00000179172.10,chr1,12848720
ENSG00000120952.4,chr1,12857086
ENSG00000243073.4,chr1,12886201
ENSG00000204510.6,chr1,12916610
ENSG00000232423.6,chr1,12947580
ENSG00000274764.6,chr1,13056575
ENSG00000277058.3,chr1,13060769
ENSG00000229571.7,chr1,13068677
ENSG00000275774.3,chr1,13116854
ENSG00000280267.7,chr1,13158116
ENSG00000179412.11,chr1,13165631
ENSG00000204505.5,chr1,13171848
ENSG00000279169.3,chr1,13201409
ENSG00000279804.3,chr1,13226154
ENSG00000270601.5,chr1,13254198
ENSG00000182330.11,chr1,13285137
ENSG00000237700.2,chr1,13303539
ENSG00000204501.7,chr1,13315581
ENSG00000204481.8,chr1,13347134
ENSG00000204480.9,chr1,13371947
ENSG00000204479.4,chr1,13389632
ENSG00000204478.11,chr1,13410450
ENSG00000189337.17,chr1,13892792
ENSG00000215695.2,chr1,15659713
ENSG00000233954.7,chr1,15809348
ENSG00000219481.11,chr1,16613562
ENSG00000276747.1,chr1,17372196
ENSG00000179023.9,chr1,18480930
ENSG00000179002.6,chr1,18859660
ENSG00000211454.16,chr1,19274194
ENSG00000178828.7,chr1,19815283
ENSG00000188784.4,chr1,19923617
ENSG00000183114.8,chr1,20552573
ENSG00000289715.1,chr1,21547404
ENSG00000187942.12,chr1,21812265
ENSG00000219073.8,chr1,21977022
ENSG00000142789.20,chr1,22001657
ENSG00000215906.9,chr1,22972866
ENSG00000169641.16,chr1,23178152
ENSG00000158022.7,chr1,26068436
ENSG00000282872.2,chr1,26168963
ENSG00000188782.9,chr1,26190561
ENSG00000175793.12,chr1,26863149
ENSG00000289710.1,chr1,30576825
ENSG00000162510.6,chr1,30723585
ENSG00000121753.13,chr1,31764893
ENSG00000162526.7,chr1,32351521
ENSG00000225828.2,chr1,32364278
ENSG00000184389.9,chr1,33321098
ENSG00000176256.11,chr1,33860475
ENSG00000185668.8,chr1,38046793
ENSG00000131233.10,chr1,38881587
ENSG00000198754.5,chr1,39771348
ENSG00000179862.7,chr1,40862363
ENSG00000204060.8,chr1,41361922
ENSG00000127124.16,chr1,42035925
ENSG00000274386.6,chr1,42784991
ENSG00000283039.1,chr1,44141631
ENSG00000186603.7,chr1,45326895
ENSG00000162456.10,chr1,46551647
ENSG00000186160.5,chr1,47067231
ENSG00000186790.6,chr1,47416285
ENSG00000186564.6,chr1,47438044
ENSG00000198841.4,chr1,52033810
ENSG00000162383.13,chr1,53142638
ENSG00000293253.2,chr1,53440018
ENSG00000284686.1,chr1,56524495
ENSG00000184292.7,chr1,58577252
ENSG00000177606.9,chr1,58784048
ENSG00000187140.6,chr1,63322567
ENSG00000177414.14,chr1,64203623
ENSG00000116675.16,chr1,65248219
ENSG00000172410.5,chr1,66801276
ENSG00000116745.8,chr1,68451103
ENSG00000172260.15,chr1,72282539
ENSG00000162621.7,chr1,74512611
ENSG00000137968.17,chr1,75611114
ENSG00000057468.7,chr1,75796882
ENSG00000230667.7,chr1,92075411
ENSG00000240038.8,chr1,103553815
ENSG00000243480.8,chr1,103617427
ENSG00000198890.9,chr1,107056674
ENSG00000196427.14,chr1,108244081
ENSG00000186086.19,chr1,108450282
ENSG00000162641.20,chr1,108963484
ENSG00000143126.8,chr1,109249539
ENSG00000156097.13,chr1,109539872
ENSG00000186150.5,chr1,110112443
ENSG00000143105.7,chr1,110519175
ENSG00000177272.10,chr1,110674940
ENSG00000134200.4,chr1,115029826
ENSG00000134253.10,chr1,117122587
ENSG00000134249.7,chr1,119896515
ENSG00000263353.4,chr1,120889771
ENSG00000273213.4,chr1,143905977
ENSG00000271567.2,chr1,144373634
ENSG00000279782.3,chr1,144592893
ENSG00000289549.1,chr1,145242174
ENSG00000270339.4,chr1,146344765
ENSG00000121634.6,chr1,147902795
ENSG00000236334.3,chr1,148483302
ENSG00000177144.8,chr1,148748774
ENSG00000288867.1,chr1,149583848
ENSG00000183598.4,chr1,149813693
ENSG00000270882.3,chr1,149832657
ENSG00000203811.2,chr1,149841208
ENSG00000203852.4,chr1,149852608
ENSG00000270276.3,chr1,149861159
ENSG00000184678.11,chr1,149886682
ENSG00000184260.6,chr1,149886918
ENSG00000184270.6,chr1,149887965
ENSG00000163155.12,chr1,151165948
ENSG00000143450.19,chr1,151762899
ENSG00000213171.3,chr1,151805419
ENSG00000196407.12,chr1,151853712
ENSG00000182898.4,chr1,152089064
ENSG00000159450.13,chr1,152115444
ENSG00000215853.3,chr1,152159228
ENSG00000197915.7,chr1,152224193
ENSG00000143631.11,chr1,152325239
ENSG00000143520.6,chr1,152360006
ENSG00000186207.5,chr1,152510803
ENSG00000169509.6,chr1,152514482
ENSG00000185966.4,chr1,152566780
ENSG00000163202.5,chr1,152580516
ENSG00000244057.5,chr1,152600234
ENSG00000187238.5,chr1,152613811
ENSG00000185962.1,chr1,152623103
ENSG00000187180.4,chr1,152675279
ENSG00000159455.9,chr1,152686123
ENSG00000187173.4,chr1,152698345
ENSG00000187170.6,chr1,152708160
ENSG00000198854.5,chr1,152719522
ENSG00000203786.7,chr1,152758025
ENSG00000240386.4,chr1,152775140
ENSG00000186226.9,chr1,152786214
ENSG00000172155.10,chr1,152796721
ENSG00000197084.6,chr1,152806651
ENSG00000196734.9,chr1,152811971
ENSG00000186844.6,chr1,152827473
ENSG00000235942.3,chr1,152842856
ENSG00000285946.2,chr1,152859996
ENSG00000283227.2,chr1,152947206
ENSG00000184148.4,chr1,152970648
ENSG00000169474.5,chr1,152984081
ENSG00000203784.3,chr1,153203430
ENSG00000203783.5,chr1,153217584
ENSG00000203782.6,chr1,153259687
ENSG00000159527.4,chr1,153312952
ENSG00000184330.12,chr1,153416520
ENSG00000160679.14,chr1,153633982
ENSG00000163352.6,chr1,154993586
ENSG00000163354.15,chr1,155033781
ENSG00000163357.11,chr1,155033824
ENSG00000185499.17,chr1,155192916
ENSG00000287839.3,chr1,155648640
ENSG00000173080.6,chr1,155941638
ENSG00000254726.3,chr1,156082465
ENSG00000189030.10,chr1,156299307
ENSG00000187862.13,chr1,156579723
ENSG00000143321.19,chr1,156766925
ENSG00000163518.11,chr1,157598085
ENSG00000288460.1,chr1,158128301
ENSG00000186306.1,chr1,158399466
ENSG00000180708.6,chr1,158426237
ENSG00000198965.5,chr1,158472220
ENSG00000197532.3,chr1,158554405
ENSG00000186440.3,chr1,158570580
ENSG00000279111.2,chr1,158579899
ENSG00000198967.5,chr1,158605268
ENSG00000163554.15,chr1,158686715
ENSG00000196171.3,chr1,158700652
ENSG00000203757.2,chr1,158720720
ENSG00000180433.6,chr1,158754720
ENSG00000197403.5,chr1,158772195
ENSG00000188340.3,chr1,158781204
ENSG00000289721.1,chr1,159002751
ENSG00000196266.6,chr1,159314659
ENSG00000249730.1,chr1,159432204
ENSG00000196184.10,chr1,159437845
ENSG00000184155.8,chr1,159536007
ENSG00000243284.1,chr1,159862657
ENSG00000256029.6,chr1,159873053
ENSG00000162723.10,chr1,159954237
ENSG00000143315.8,chr1,160031990
ENSG00000171786.6,chr1,160367071
ENSG00000173110.8,chr1,161524540
ENSG00000244682.8,chr1,161581339
ENSG00000239887.6,chr1,162378841
ENSG00000117152.14,chr1,163068775
ENSG00000162763.4,chr1,165544000
ENSG00000143178.13,chr1,168280877
ENSG00000007908.16,chr1,169764705
ENSG00000120337.10,chr1,173050941
ENSG00000232113.3,chr1,173635338
ENSG00000203737.5,chr1,174447964
ENSG00000143322.22,chr1,179229684
ENSG00000162783.11,chr1,181088700
ENSG00000179930.6,chr1,182061712
ENSG00000135821.20,chr1,182392206
ENSG00000203730.3,chr1,182400667
ENSG00000121446.20,chr1,182409192
ENSG00000157060.16,chr1,182953525
ENSG00000173627.8,chr1,183653316
ENSG00000116703.14,chr1,186461114
ENSG00000073756.13,chr1,186680922
ENSG00000253148.1,chr1,192316992
ENSG00000170128.5,chr1,200872981
ENSG00000232237.5,chr1,201127184
ENSG00000163395.17,chr1,201190824
ENSG00000158615.10,chr1,204411887
ENSG00000174529.7,chr1,205084460
ENSG00000142224.18,chr1,206770764
ENSG00000136634.7,chr1,206774541
ENSG00000162892.16,chr1,206897443
ENSG00000180667.11,chr1,207052980
ENSG00000162771.8,chr1,212624474
ENSG00000215817.9,chr1,219613105
ENSG00000178395.7,chr1,223393415
ENSG00000162923.18,chr1,224437033
ENSG00000168148.4,chr1,228425360
ENSG00000181218.6,chr1,228457873
ENSG00000196890.5,chr1,228458103
ENSG00000119283.16,chr1,231162058
ENSG00000116903.7,chr1,231337852
ENSG00000212916.6,chr1,232805416
ENSG00000244020.3,chr1,237004441
ENSG00000198626.19,chr1,237042184
ENSG00000116996.10,chr1,237890922
ENSG00000182901.18,chr1,241357374
ENSG00000196289.7,chr1,241957767
ENSG00000284188.3,chr1,244731015
ENSG00000197617.9,chr1,247255972
ENSG00000169224.13,chr1,247507058
ENSG00000196242.10,chr1,247536440
ENSG00000177489.1,chr1,247588360
ENSG00000177476.3,chr1,247605586
ENSG00000198452.8,chr1,247617143
ENSG00000197437.5,chr1,247679739
ENSG00000169214.5,chr1,247716646
ENSG00000153230.4,chr1,247738615
ENSG00000241128.3,chr1,247748141
ENSG00000221888.4,chr1,247760556
ENSG00000228336.2,chr1,247770169
ENSG00000196772.5,chr1,247824119
ENSG00000197591.3,chr1,247841896
ENSG00000238243.3,chr1,247895587
ENSG00000177462.9,chr1,247920252
ENSG00000177275.4,chr1,247924889
ENSG00000279263.1,chr1,247948858
ENSG00000187080.10,chr1,247965233
ENSG00000197454.2,chr1,248013660
ENSG00000203663.4,chr1,248030070
ENSG00000198128.4,chr1,248046836
ENSG00000196071.6,chr1,248095184
ENSG00000162727.3,chr1,248145148
ENSG00000198601.4,chr1,248174821
ENSG00000228198.3,chr1,248197265
ENSG00000171180.3,chr1,248231417
ENSG00000177212.4,chr1,248277976
ENSG00000177201.3,chr1,248303424
ENSG00000177186.3,chr1,248324568
ENSG00000177174.1,chr1,248348775
ENSG00000196944.5,chr1,248361665
ENSG00000198104.4,chr1,248375746
ENSG00000175143.5,chr1,248403048
ENSG00000227152.6,chr1,248436359
ENSG00000196539.3,chr1,248473351
ENSG00000203661.4,chr1,248488589
ENSG00000188558.7,chr1,248508073
ENSG00000182783.6,chr1,248562772
ENSG00000183310.3,chr1,248574757
ENSG00000184022.4,chr1,248597700
ENSG00000279301.5,chr1,248635091
ENSG00000177151.5,chr1,248645278
ENSG00000187701.5,chr1,248655528
ENSG00000178473.7,chr10,5364966
ENSG00000178372.8,chr10,5499570
ENSG00000178363.5,chr10,5524961
ENSG00000134460.19,chr10,6062370
ENSG00000148426.14,chr10,11823339
ENSG00000065809.14,chr10,14774897
ENSG00000180592.17,chr10,21526368
ENSG00000165312.7,chr10,23439075
ENSG00000182077.12,chr10,27414368
ENSG00000177291.4,chr10,35605341
ENSG00000177283.8,chr10,35642296
ENSG00000274209.7,chr10,46286345
ENSG00000265203.2,chr10,47348363
ENSG00000189090.8,chr10,47491700
ENSG00000172538.7,chr10,49134021
ENSG00000070748.19,chr10,49609095
ENSG00000187714.7,chr10,49610310
ENSG00000178440.9,chr10,49942056
ENSG00000177613.9,chr10,51699595
ENSG00000181915.6,chr10,62804720
ENSG00000138347.17,chr10,68087897
ENSG00000179774.9,chr10,68232113
ENSG00000253626.4,chr10,79512533
ENSG00000188199.11,chr10,79703227
ENSG00000228570.8,chr10,79826739
ENSG00000178217.15,chr10,80537902
ENSG00000204033.10,chr10,84225544
ENSG00000184923.12,chr10,87225448
ENSG00000171862.16,chr10,87862638
ENSG00000227268.5,chr10,87863533
ENSG00000182333.15,chr10,88664441
ENSG00000204021.5,chr10,88706249
ENSG00000173239.14,chr10,88802730
ENSG00000138135.7,chr10,89207317
ENSG00000152778.10,chr10,89414568
ENSG00000187553.10,chr10,93060798
ENSG00000173124.15,chr10,95194200
ENSG00000165879.9,chr10,97319271
ENSG00000203942.5,chr10,97589721
ENSG00000107593.17,chr10,100330264
ENSG00000075290.8,chr10,100463009
ENSG00000166189.8,chr10,102065349
ENSG00000235376.5,chr10,103245887
ENSG00000185933.7,chr10,103458900
ENSG00000183128.7,chr10,103479240
ENSG00000156395.14,chr10,104641290
ENSG00000150594.7,chr10,111077029
ENSG00000043591.6,chr10,114043866
ENSG00000175535.6,chr10,116545931
ENSG00000187021.15,chr10,116590385
ENSG00000266200.8,chr10,116620953
ENSG00000138152.10,chr10,122271296
ENSG00000254636.1,chr10,122454653
ENSG00000286135.1,chr10,122672850
ENSG00000183559.12,chr10,122699846
ENSG00000154478.4,chr10,123666355
ENSG00000175018.13,chr10,125683163
ENSG00000214285.3,chr10,127549309
ENSG00000177947.15,chr11,196761
ENSG00000288675.1,chr11,797511
ENSG00000184956.16,chr11,1036718
ENSG00000198788.9,chr11,1074875
ENSG00000215182.8,chr11,1157953
ENSG00000117983.17,chr11,1223066
ENSG00000205869.2,chr11,1585283
ENSG00000205867.3,chr11,1598294
ENSG00000196224.7,chr11,1608463
ENSG00000241598.6,chr11,1622138
ENSG00000185940.11,chr11,1629775
ENSG00000205864.1,chr11,1697195
ENSG00000182170.3,chr11,3218813
ENSG00000129749.3,chr11,3671384
ENSG00000284018.2,chr11,4233217
ENSG00000284306.2,chr11,4242706
ENSG00000283873.2,chr11,4288185
ENSG00000284546.2,chr11,4329790
ENSG00000284438.2,chr11,4339345
ENSG00000221996.6,chr11,4368386
ENSG00000181963.5,chr11,4449295
ENSG00000196778.4,chr11,4482646
ENSG00000197790.1,chr11,4545191
ENSG00000226288.3,chr11,4581743
ENSG00000232268.8,chr11,4594039
ENSG00000197428.3,chr11,4637477
ENSG00000280021.3,chr11,4769938
ENSG00000279270.2,chr11,4804380
ENSG00000176925.8,chr11,4821321
ENSG00000176922.5,chr11,4849208
ENSG00000176900.2,chr11,4881819
ENSG00000176895.9,chr11,4903783
ENSG00000176893.6,chr11,4919350
ENSG00000278870.2,chr11,4924339
ENSG00000205497.5,chr11,4947605
ENSG00000205496.1,chr11,4955713
ENSG00000176798.3,chr11,4994851
ENSG00000205495.1,chr11,5046526
ENSG00000176787.2,chr11,5059627
ENSG00000273085.3,chr11,5069572
ENSG00000171944.2,chr11,5138356
ENSG00000182070.7,chr11,5154757
ENSG00000176742.3,chr11,5200682
ENSG00000183251.4,chr11,5301946
ENSG00000279012.2,chr11,5324297
ENSG00000176239.7,chr11,5351508
ENSG00000184698.5,chr11,5383812
ENSG00000167360.6,chr11,5422111
ENSG00000167359.8,chr11,5441514
ENSG00000187918.6,chr11,5449323
ENSG00000181609.5,chr11,5488685
ENSG00000213931.7,chr11,5505652
ENSG00000167355.8,chr11,5505652
ENSG00000175520.9,chr11,5509958
ENSG00000175518.8,chr11,5518431
ENSG00000181616.10,chr11,5548540
ENSG00000187747.2,chr11,5580877
ENSG00000239920.2,chr11,5678434
ENSG00000181109.3,chr11,5726502
ENSG00000181023.8,chr11,5736448
ENSG00000181074.5,chr11,5754243
ENSG00000181017.7,chr11,5761153
ENSG00000181009.5,chr11,5783355
ENSG00000181001.3,chr11,5791265
ENSG00000205409.3,chr11,5841952
ENSG00000183269.6,chr11,5857690
ENSG00000180974.5,chr11,5880629
ENSG00000277932.2,chr11,5893208
ENSG00000184478.8,chr11,5938751
ENSG00000188691.6,chr11,5968494
ENSG00000183313.4,chr11,5986985
ENSG00000183389.5,chr11,6006946
ENSG00000180934.7,chr11,6034338
ENSG00000180919.3,chr11,6107684
ENSG00000255307.2,chr11,6170326
ENSG00000175485.3,chr11,6199224
ENSG00000180878.3,chr11,6205557
ENSG00000188124.4,chr11,6771976
ENSG00000279486.6,chr11,6783020
ENSG00000184933.6,chr11,6799689
ENSG00000166363.6,chr11,6845683
ENSG00000170790.6,chr11,6863057
ENSG00000170782.3,chr11,6876625
ENSG00000166368.3,chr11,6892500
ENSG00000178358.5,chr11,6921002
ENSG00000170748.7,chr11,7088998
ENSG00000183378.13,chr11,7706477
ENSG00000183303.3,chr11,7796942
ENSG00000182334.3,chr11,7830840
ENSG00000279000.4,chr11,7931268
ENSG00000170683.7,chr11,7941708
ENSG00000182261.5,chr11,7965447
ENSG00000176009.4,chr11,8943016
ENSG00000254598.3,chr11,11353250
ENSG00000189431.8,chr11,13009316
ENSG00000152266.7,chr11,13496181
ENSG00000188162.12,chr11,17547259
ENSG00000179826.8,chr11,18120955
ENSG00000179817.5,chr11,18172837
ENSG00000179057.14,chr11,18726230
ENSG00000170255.8,chr11,18939414
ENSG00000183695.3,chr11,19060717
ENSG00000165970.12,chr11,20599594
ENSG00000183161.6,chr11,22625823
ENSG00000176971.4,chr11,26994112
ENSG00000205177.7,chr11,33700826
ENSG00000179431.7,chr11,35618460
ENSG00000175097.9,chr11,36598279
ENSG00000187479.9,chr11,43942637
ENSG00000205126.2,chr11,44047981
ENSG00000052850.8,chr11,44310139
ENSG00000134571.12,chr11,47352702
ENSG00000165923.17,chr11,47715389
ENSG00000175619.3,chr11,48216810
ENSG00000172208.7,chr11,48245104
ENSG00000176567.1,chr11,48263861
ENSG00000176555.1,chr11,48306223
ENSG00000176547.11,chr11,48324920
ENSG00000176540.3,chr11,48366465
ENSG00000237388.3,chr11,48488793
ENSG00000220948.6,chr11,48983885
ENSG00000214891.9,chr11,49059112
ENSG00000258817.1,chr11,49952391
ENSG00000221954.2,chr11,49982535
ENSG00000260811.3,chr11,50032874
ENSG00000185926.1,chr11,54603998
ENSG00000221840.4,chr11,54706832
ENSG00000150244.12,chr11,55262155
ENSG00000181961.5,chr11,55343201
ENSG00000181958.5,chr11,55367974
ENSG00000181939.3,chr11,55554307
ENSG00000279514.2,chr11,55572128
ENSG00000172188.6,chr11,55607645
ENSG00000181927.4,chr11,55635113
ENSG00000174982.4,chr11,55648327
ENSG00000181903.7,chr11,55662201
ENSG00000186886.8,chr11,55723776
ENSG00000279761.2,chr11,55773438
ENSG00000186113.1,chr11,55795556
ENSG00000279395.3,chr11,55811367
ENSG00000186119.9,chr11,55819630
ENSG00000205030.1,chr11,55827219
ENSG00000205029.1,chr11,55838752
ENSG00000124900.12,chr11,55883297
ENSG00000187612.1,chr11,55914582
ENSG00000167825.3,chr11,55936400
ENSG00000174970.5,chr11,55969945
ENSG00000149133.1,chr11,55994625
ENSG00000181785.3,chr11,56027654
ENSG00000172154.11,chr11,56093308
ENSG00000181767.3,chr11,56103687
ENSG00000181761.5,chr11,56122373
ENSG00000167822.3,chr11,56140201
ENSG00000181752.3,chr11,56160317
ENSG00000174957.1,chr11,56176618
ENSG00000254658.3,chr11,56215222
ENSG00000181718.7,chr11,56234255
ENSG00000172489.7,chr11,56252254
ENSG00000181698.5,chr11,56274154
ENSG00000181693.9,chr11,56292254
ENSG00000280314.4,chr11,56315144
ENSG00000150261.5,chr11,56346039
ENSG00000172487.4,chr11,56354291
ENSG00000172199.1,chr11,56375624
ENSG00000279961.2,chr11,56418232
ENSG00000150269.1,chr11,56463401
ENSG00000174937.5,chr11,56473352
ENSG00000181371.5,chr11,56491370
ENSG00000255223.5,chr11,56543257
ENSG00000254834.5,chr11,56577721
ENSG00000255012.3,chr11,56614874
ENSG00000172464.4,chr11,56642439
ENSG00000172459.5,chr11,56663686
ENSG00000174914.3,chr11,56699095
ENSG00000172457.7,chr11,56748697
ENSG00000241356.2,chr11,56820516
ENSG00000181282.5,chr11,56971050
ENSG00000181273.3,chr11,56988914
ENSG00000134817.12,chr11,57237250
ENSG00000156575.2,chr11,57381150
ENSG00000166793.13,chr11,57649944
ENSG00000211450.11,chr11,57741491
ENSG00000186509.4,chr11,58023881
ENSG00000279051.5,chr11,58030953
ENSG00000172377.3,chr11,58125530
ENSG00000186513.4,chr11,58189070
ENSG00000197887.6,chr11,58204142
ENSG00000280204.4,chr11,58212720
ENSG00000180475.4,chr11,58228918
ENSG00000172772.3,chr11,58268260
ENSG00000197786.3,chr11,58359069
ENSG00000172769.4,chr11,58406874
ENSG00000172365.4,chr11,58428121
ENSG00000172362.4,chr11,58442236
ENSG00000198283.3,chr11,58508105
ENSG00000156689.7,chr11,58904215
ENSG00000255151.2,chr11,59086307
ENSG00000176495.3,chr11,59358895
ENSG00000172324.6,chr11,59426413
ENSG00000172320.4,chr11,59436469
ENSG00000166884.3,chr11,59456961
ENSG00000254466.2,chr11,59473315
ENSG00000176200.1,chr11,59503576
ENSG00000172742.6,chr11,59511368
ENSG00000172289.3,chr11,59713845
ENSG00000134812.8,chr11,59845499
ENSG00000134827.8,chr11,59866489
ENSG00000285231.2,chr11,59878782
ENSG00000255393.3,chr11,59978020
ENSG00000149534.9,chr11,60088261
ENSG00000166930.7,chr11,60429572
ENSG00000204979.8,chr11,60515392
ENSG00000214782.8,chr11,60724720
ENSG00000172689.2,chr11,60785333
ENSG00000149506.12,chr11,60867542
ENSG00000229859.10,chr11,61203307
ENSG00000229183.10,chr11,61222347
ENSG00000256713.8,chr11,61241175
ENSG00000256591.5,chr11,61429220
ENSG00000204950.4,chr11,61508749
ENSG00000168515.3,chr11,62190216
ENSG00000110484.7,chr11,62270158
ENSG00000197745.3,chr11,62299075
ENSG00000283268.2,chr11,62832841
ENSG00000174276.7,chr11,65117701
ENSG00000175602.4,chr11,65890673
ENSG00000175294.6,chr11,66026479
ENSG00000174807.4,chr11,66317044
ENSG00000182791.5,chr11,66593063
ENSG00000175514.2,chr11,67452729
ENSG00000167791.14,chr11,67524517
ENSG00000132746.16,chr11,67681224
ENSG00000172938.3,chr11,68980986
ENSG00000186895.4,chr11,69819416
ENSG00000244411.4,chr11,71527267
ENSG00000241233.4,chr11,71538025
ENSG00000254997.4,chr11,71548420
ENSG00000204572.10,chr11,71565563
ENSG00000204571.7,chr11,71603353
ENSG00000184276.3,chr11,71833200
ENSG00000225805.4,chr11,71878453
ENSG00000171561.4,chr11,75096876
ENSG00000261594.4,chr11,75240774
ENSG00000254550.1,chr11,77102840
ENSG00000149256.16,chr11,79441030
ENSG00000182103.5,chr11,82733864
ENSG00000137504.16,chr11,85682908
ENSG00000179071.5,chr11,85686195
ENSG00000077498.9,chr11,89177875
ENSG00000214414.9,chr11,89710299
ENSG00000168930.13,chr11,89808575
ENSG00000233802.8,chr11,89924064
ENSG00000204450.9,chr11,89966037
ENSG00000204449.3,chr11,90031106
ENSG00000255009.4,chr11,90085950
ENSG00000134640.3,chr11,92969651
ENSG00000181333.12,chr11,94021354
ENSG00000183560.10,chr11,94304580
ENSG00000196371.4,chr11,94543921
ENSG00000235268.2,chr11,95025258
ENSG00000255855.4,chr11,95048142
ENSG00000263465.5,chr11,95066919
ENSG00000149972.12,chr11,99020949
ENSG00000137674.4,chr11,102625332
ENSG00000118113.12,chr11,102727050
ENSG00000166670.10,chr11,102780628
ENSG00000170967.5,chr11,104036640
ENSG00000204403.11,chr11,104898670
ENSG00000255501.3,chr11,105531697
ENSG00000150750.9,chr11,111245725
ENSG00000214290.9,chr11,111298546
ENSG00000110777.12,chr11,111455630
ENSG00000137707.14,chr11,111514367
ENSG00000188771.5,chr11,112260860
ENSG00000228607.3,chr11,113779796
ENSG00000149305.8,chr11,113904796
ENSG00000180425.11,chr11,114400511
ENSG00000177103.15,chr11,117817525
ENSG00000137700.19,chr11,119030906
ENSG00000188486.4,chr11,119095465
ENSG00000173456.5,chr11,119334527
ENSG00000235718.9,chr11,119346705
ENSG00000109927.11,chr11,121101243
ENSG00000259571.2,chr11,122116215
ENSG00000188909.5,chr11,122981834
ENSG00000221931.3,chr11,123754518
ENSG00000196099.5,chr11,123806349
ENSG00000181518.4,chr11,123902167
ENSG00000171014.3,chr11,123939617
ENSG00000181499.3,chr11,123943838
ENSG00000196248.6,chr11,123977781
ENSG00000198674.3,chr11,123995161
ENSG00000254737.3,chr11,124012997
ENSG00000236981.1,chr11,124023013
ENSG00000234560.5,chr11,124026798
ENSG00000182634.9,chr11,124041325
ENSG00000197309.5,chr11,124183345
ENSG00000255425.6,chr11,124211707
ENSG00000181214.8,chr11,124224732
ENSG00000197849.7,chr11,124241095
ENSG00000255298.5,chr11,124256376
ENSG00000196341.3,chr11,124315099
ENSG00000279116.3,chr11,124320197
ENSG00000284680.3,chr11,124384499
ENSG00000284609.2,chr11,124399024
ENSG00000280090.3,chr11,124424871
ENSG00000197125.3,chr11,124445696
ENSG00000170953.4,chr11,124545333
ENSG00000196119.8,chr11,124566660
ENSG00000154143.3,chr11,124611428
ENSG00000171053.10,chr11,125746279
ENSG00000196844.9,chr11,125778828
ENSG00000236027.3,chr11,125788127
ENSG00000237353.7,chr11,125833316
ENSG00000283703.3,chr11,125946044
ENSG00000134909.19,chr11,129279324
ENSG00000151062.15,chr12,1918666
ENSG00000151079.8,chr12,4809334
ENSG00000111262.6,chr12,4909905
ENSG00000215009.6,chr12,7304072
ENSG00000111701.7,chr12,7665908
ENSG00000205857.2,chr12,7765216
ENSG00000196946.11,chr12,8157015
ENSG00000110848.8,chr12,9760901
ENSG00000256797.1,chr12,9881489
ENSG00000188393.9,chr12,9932370
ENSG00000180574.4,chr12,10505602
ENSG00000121377.2,chr12,10802627
ENSG00000121314.3,chr12,10807286
ENSG00000121381.4,chr12,10810168
ENSG00000121318.3,chr12,10826358
ENSG00000212128.2,chr12,10909562
ENSG00000212126.3,chr12,10986912
ENSG00000255837.2,chr12,10998304
ENSG00000212124.2,chr12,11022620
ENSG00000256436.1,chr12,11031407
ENSG00000226761.3,chr12,11062294
ENSG00000255374.3,chr12,11092313
ENSG00000256188.3,chr12,11134644
ENSG00000212127.6,chr12,11171573
ENSG00000186136.1,chr12,11186937
ENSG00000251655.7,chr12,11355591
ENSG00000293563.2,chr12,13980895
ENSG00000197837.4,chr12,14771131
ENSG00000246705.5,chr12,14774405
ENSG00000188991.3,chr12,16277685
ENSG00000111404.7,chr12,18320107
ENSG00000134548.11,chr12,21526296
ENSG00000174236.4,chr12,27696447
ENSG00000187950.9,chr12,29497686
ENSG00000300510.1,chr12,31749391
ENSG00000188375.5,chr12,31792298
ENSG00000205592.16,chr12,40393395
ENSG00000177875.5,chr12,48183644
ENSG00000172640.4,chr12,48203292
ENSG00000187166.1,chr12,48328980
ENSG00000139223.4,chr12,48472559
ENSG00000284723.2,chr12,48525632
ENSG00000198678.5,chr12,48559882
ENSG00000257987.6,chr12,48727435
ENSG00000125084.13,chr12,48978322
ENSG00000181418.8,chr12,48999375
ENSG00000135436.8,chr12,49605639
ENSG00000196876.19,chr12,51590266
ENSG00000284730.2,chr12,51814925
ENSG00000167612.13,chr12,51888009
ENSG00000205426.11,chr12,52291534
ENSG00000170523.3,chr12,52321398
ENSG00000135443.8,chr12,52367481
ENSG00000161849.3,chr12,52385652
ENSG00000161850.3,chr12,52406335
ENSG00000170465.10,chr12,52473805
ENSG00000186081.12,chr12,52520530
ENSG00000139648.7,chr12,52553145
ENSG00000186049.8,chr12,52618559
ENSG00000172867.4,chr12,52652211
ENSG00000167768.4,chr12,52680407
ENSG00000189182.10,chr12,52703524
ENSG00000185069.2,chr12,52777345
ENSG00000186442.7,chr12,52796117
ENSG00000170477.13,chr12,52814116
ENSG00000283536.3,chr12,53241900
ENSG00000170374.6,chr12,53345315
ENSG00000123407.4,chr12,53954903
ENSG00000123388.4,chr12,53973126
ENSG00000135413.9,chr12,54634895
ENSG00000172551.12,chr12,54830518
ENSG00000170605.7,chr12,55126406
ENSG00000179919.3,chr12,55221025
ENSG00000197706.5,chr12,55244609
ENSG00000188324.4,chr12,55296569
ENSG00000205330.4,chr12,55314343
ENSG00000205329.3,chr12,55330043
ENSG00000187857.5,chr12,55362975
ENSG00000205328.3,chr12,55400529
ENSG00000185821.3,chr12,55426254
ENSG00000179695.3,chr12,55444069
ENSG00000184954.4,chr12,55470138
ENSG00000205327.3,chr12,55492378
ENSG00000179626.4,chr12,55549602
ENSG00000179615.3,chr12,55572468
ENSG00000175398.3,chr12,55636892
ENSG00000135414.10,chr12,55743122
ENSG00000135517.9,chr12,56469166
ENSG00000170426.2,chr12,56934408
ENSG00000111490.15,chr12,64759484
ENSG00000127318.11,chr12,68253604
ENSG00000198812.5,chr12,69610907
ENSG00000139287.13,chr12,71938845
ENSG00000253719.4,chr12,74537835
ENSG00000173401.10,chr12,75334670
ENSG00000165899.12,chr12,80099537
ENSG00000139304.16,chr12,80402178
ENSG00000133640.20,chr12,85036314
ENSG00000257594.4,chr12,89524796
ENSG00000197651.4,chr12,90955176
ENSG00000083782.8,chr12,91005026
ENSG00000139330.6,chr12,91058024
ENSG00000180219.2,chr12,99647753
ENSG00000183395.5,chr12,102197833
ENSG00000255150.2,chr12,104303739
ENSG00000171310.11,chr12,104455295
ENSG00000151136.15,chr12,107318421
ENSG00000187855.6,chr12,107774704
ENSG00000174527.11,chr12,109347900
ENSG00000089116.4,chr12,113472280
ENSG00000258102.5,chr12,116548105
ENSG00000204671.2,chr12,122174221
ENSG00000284934.3,chr12,122227534
ENSG00000182782.8,chr12,122703357
ENSG00000255398.3,chr12,122716811
ENSG00000196917.6,chr12,122730844
ENSG00000111432.5,chr12,130162459
ENSG00000151846.9,chr13,25096136
ENSG00000165566.13,chr13,25172288
ENSG00000169840.5,chr13,27792483
ENSG00000183463.7,chr13,27988693
ENSG00000139618.19,chr13,32315086
ENSG00000189167.12,chr13,32315363
ENSG00000180138.7,chr13,37105664
ENSG00000165572.8,chr13,41132802
ENSG00000120696.9,chr13,41194569
ENSG00000180332.7,chr13,45201045
ENSG00000165837.12,chr13,45615739
ENSG00000174015.10,chr13,45702320
ENSG00000226792.8,chr13,51200252
ENSG00000123171.8,chr13,51861969
ENSG00000136099.13,chr13,52848641
ENSG00000204919.1,chr13,57140918
ENSG00000229665.8,chr13,57140918
ENSG00000204918.3,chr13,57147488
ENSG00000227151.4,chr13,57160632
ENSG00000234278.3,chr13,57167197
ENSG00000237378.3,chr13,63746741
ENSG00000285566.2,chr13,63833053
ENSG00000178695.6,chr13,76886405
ENSG00000102794.11,chr13,76948511
ENSG00000152192.8,chr13,78603552
ENSG00000178235.8,chr13,83882474
ENSG00000183098.12,chr13,93226807
ENSG00000080166.16,chr13,94479682
ENSG00000125285.6,chr13,94712545
ENSG00000139797.8,chr13,98177269
ENSG00000139800.9,chr13,99971767
ENSG00000102466.17,chr13,102402457
ENSG00000175820.4,chr13,102759072
ENSG00000250878.6,chr13,102880040
ENSG00000125255.7,chr13,103066417
ENSG00000182346.22,chr13,105465867
ENSG00000204442.4,chr13,107867496
ENSG00000182968.5,chr13,112067149
ENSG00000186009.5,chr13,113658198
ENSG00000283199.3,chr13,113974076
ENSG00000257115.2,chr14,18601117
ENSG00000222036.8,chr14,18967434
ENSG00000187537.13,chr14,19434341
ENSG00000258453.4,chr14,19713883
ENSG00000176294.6,chr14,19719015
ENSG00000182652.4,chr14,19743571
ENSG00000176299.5,chr14,19773504
ENSG00000176290.8,chr14,19869143
ENSG00000165762.3,chr14,19875142
ENSG00000176281.5,chr14,19920607
ENSG00000155249.5,chr14,19930917
ENSG00000169488.7,chr14,19975591
ENSG00000196383.7,chr14,19999913
ENSG00000169484.4,chr14,20019307
ENSG00000176253.4,chr14,20036038
ENSG00000176246.1,chr14,20060045
ENSG00000176230.7,chr14,20110739
ENSG00000184394.3,chr14,20138820
ENSG00000196832.5,chr14,20190896
ENSG00000176219.3,chr14,20223710
ENSG00000258806.2,chr14,20229402
ENSG00000176198.4,chr14,20239286
ENSG00000182545.7,chr14,20505537
ENSG00000258436.2,chr14,20591376
ENSG00000181803.3,chr14,20641691
ENSG00000181562.5,chr14,20745887
ENSG00000181552.4,chr14,20768404
ENSG00000206150.4,chr14,21034807
ENSG00000165799.5,chr14,21042316
ENSG00000173431.2,chr14,21057822
ENSG00000169327.5,chr14,21159060
ENSG00000092200.13,chr14,21280083
ENSG00000169208.3,chr14,21580076
ENSG00000255582.1,chr14,21634940
ENSG00000221977.3,chr14,21653835
ENSG00000276240.4,chr14,21673818
ENSG00000255804.2,chr14,22644352
ENSG00000222028.5,chr14,23042212
ENSG00000166090.8,chr14,23372809
ENSG00000139914.7,chr14,24130659
ENSG00000213906.10,chr14,24305734
ENSG00000184304.17,chr14,30191898
ENSG00000203546.7,chr14,31457441
ENSG00000214943.5,chr14,31488039
ENSG00000168348.4,chr14,35534164
ENSG00000136327.7,chr14,36582614
ENSG00000198807.13,chr14,36657568
ENSG00000176435.7,chr14,38256093
ENSG00000189139.6,chr14,44507283
ENSG00000165496.5,chr14,46651781
ENSG00000182521.6,chr14,55456726
ENSG00000181619.12,chr14,59465380
ENSG00000184302.7,chr14,60509146
ENSG00000182107.7,chr14,61281761
ENSG00000179600.4,chr14,63318935
ENSG00000126803.10,chr14,64535905
ENSG00000176153.13,chr14,64942746
ENSG00000139988.10,chr14,67701886
ENSG00000134007.5,chr14,70535015
ENSG00000187105.9,chr14,73558947
ENSG00000205669.4,chr14,73610945
ENSG00000176903.5,chr14,73714384
ENSG00000119614.3,chr14,74239449
ENSG00000156127.8,chr14,75522455
ENSG00000119715.15,chr14,76310712
ENSG00000119669.5,chr14,77028708
ENSG00000165555.10,chr14,77423523
ENSG00000021645.20,chr14,78170373
ENSG00000133962.8,chr14,91780707
ENSG00000140090.18,chr14,92322581
ENSG00000293569.1,chr14,92627966
ENSG00000258597.4,chr14,94366698
ENSG00000127152.18,chr14,99272197
ENSG00000254656.3,chr14,100903722
ENSG00000197406.8,chr14,101560139
ENSG00000227729.5,chr14,103942561
ENSG00000277322.1,chr15,20541800
ENSG00000230031.10,chr15,20866314
ENSG00000278522.5,chr15,21440499
ENSG00000182974.3,chr15,21637909
ENSG00000279408.3,chr15,21651844
ENSG00000233917.9,chr15,21877735
ENSG00000274102.3,chr15,22070241
ENSG00000183706.6,chr15,22094522
ENSG00000277865.6,chr15,22458903
ENSG00000273976.2,chr15,23136822
ENSG00000273756.5,chr15,23334196
ENSG00000261739.3,chr15,23354748
ENSG00000179455.10,chr15,23565674
ENSG00000254585.5,chr15,23647867
ENSG00000182636.8,chr15,23687305
ENSG00000185823.5,chr15,24675775
ENSG00000237850.8,chr15,28358084
ENSG00000153684.16,chr15,28378621
ENSG00000183629.14,chr15,28533014
ENSG00000227717.5,chr15,28553568
ENSG00000188626.7,chr15,28738384
ENSG00000261649.7,chr15,28848675
ENSG00000185115.6,chr15,29269822
ENSG00000179938.13,chr15,30082955
ENSG00000261247.2,chr15,30135051
ENSG00000186399.11,chr15,30414260
ENSG00000178115.12,chr15,30552050
ENSG00000261794.2,chr15,30604028
ENSG00000285077.4,chr15,30624494
ENSG00000134160.17,chr15,31161160
ENSG00000249931.5,chr15,32403292
ENSG00000206127.11,chr15,32455634
ENSG00000182405.6,chr15,34102083
ENSG00000140199.13,chr15,34338060
ENSG00000255192.7,chr15,35085295
ENSG00000230778.2,chr15,40283064
ENSG00000259330.3,chr15,40323692
ENSG00000169105.8,chr15,40470984
ENSG00000188277.10,chr15,40769980
ENSG00000137877.10,chr15,41894053
ENSG00000188089.14,chr15,42051190
ENSG00000159495.8,chr15,43302255
ENSG00000168806.8,chr15,43330582
ENSG00000128886.12,chr15,43777315
ENSG00000137875.4,chr15,52112775
ENSG00000069966.19,chr15,52191392
ENSG00000171989.6,chr15,59206843
ENSG00000198535.5,chr15,62066977
ENSG00000234438.5,chr15,65076746
ENSG00000188779.12,chr15,67819704
ENSG00000138622.4,chr15,73368958
ENSG00000167139.9,chr15,73873564
ENSG00000159289.6,chr15,74082550
ENSG00000140481.15,chr15,74202705
ENSG00000178718.7,chr15,74956772
ENSG00000167195.8,chr15,75258334
ENSG00000140478.17,chr15,75282835
ENSG00000177971.9,chr15,75648706
ENSG00000140406.4,chr15,81000923
ENSG00000156206.14,chr15,81007033
ENSG00000169594.14,chr15,83284664
ENSG00000184206.13,chr15,84235773
ENSG00000273540.5,chr15,86079871
ENSG00000188095.6,chr15,89760591
ENSG00000140443.15,chr15,98648539
ENSG00000154227.14,chr15,100544995
ENSG00000127578.7,chr16,629239
ENSG00000162006.10,chr16,782054
ENSG00000095917.15,chr16,1256059
ENSG00000174109.5,chr16,1420756
ENSG00000284395.2,chr16,1431078
ENSG00000197599.13,chr16,1444556
ENSG00000162040.7,chr16,1918415
ENSG00000167962.15,chr16,2009821
ENSG00000008710.20,chr16,2135898
ENSG00000215148.11,chr16,2798470
ENSG00000289281.1,chr16,3004132
ENSG00000213937.4,chr16,3012923
ENSG00000168158.4,chr16,3355889
ENSG00000285329.1,chr16,3365099
ENSG00000215131.11,chr16,3495489
ENSG00000078328.23,chr16,5239802
ENSG00000232258.7,chr16,8590511
ENSG00000153060.8,chr16,10694930
ENSG00000178257.4,chr16,11273629
ENSG00000188897.10,chr16,11527247
ENSG00000234719.9,chr16,11976643
ENSG00000224712.13,chr16,14703411
ENSG00000183793.14,chr16,15381047
ENSG00000214940.9,chr16,18336736
ENSG00000205730.7,chr16,19113932
ENSG00000261210.8,chr16,19285731
ENSG00000180269.8,chr16,20073890
ENSG00000169340.10,chr16,20404737
ENSG00000103310.11,chr16,21214510
ENSG00000169246.17,chr16,21448567
ENSG00000155714.14,chr16,22001116
ENSG00000103356.18,chr16,23557731
ENSG00000182601.7,chr16,25691959
ENSG00000234186.5,chr16,27066927
ENSG00000198156.11,chr16,28363508
ENSG00000255524.8,chr16,28637654
ENSG00000196993.9,chr16,28751787
ENSG00000177455.15,chr16,28931965
ENSG00000254206.6,chr16,29406711
ENSG00000167194.8,chr16,30023198
ENSG00000179918.19,chr16,30445874
ENSG00000151006.8,chr16,31089628
ENSG00000183632.15,chr16,32676165
ENSG00000205457.12,chr16,33194226
ENSG00000275034.3,chr16,33304306
ENSG00000278848.3,chr16,33459612
ENSG00000140798.17,chr16,48156018
ENSG00000121270.16,chr16,48247568
ENSG00000166152.4,chr16,49373804
ENSG00000224578.5,chr16,51553436
ENSG00000256812.2,chr16,55566684
ENSG00000102970.11,chr16,57404767
ENSG00000159648.13,chr16,57976435
ENSG00000249961.10,chr16,66801620
ENSG00000168286.3,chr16,67842320
ENSG00000141086.18,chr16,67932365
ENSG00000263201.1,chr16,68015911
ENSG00000182810.7,chr16,68023232
ENSG00000223496.3,chr16,70251940
ENSG00000277481.2,chr16,72000402
ENSG00000196436.9,chr16,74376306
ENSG00000284484.1,chr16,75677009
ENSG00000282757.4,chr16,75701461
ENSG00000283755.2,chr16,75726490
ENSG00000140873.16,chr16,77435034
ENSG00000166509.12,chr16,78022515
ENSG00000166473.20,chr16,81220370
ENSG00000176692.8,chr16,86566829
ENSG00000225614.4,chr16,88382959
ENSG00000205022.9,chr16,88866660
ENSG00000183688.4,chr17,445939
ENSG00000205899.4,chr17,1270444
ENSG00000262628.1,chr17,3063607
ENSG00000184166.3,chr17,3104422
ENSG00000183024.4,chr17,3127551
ENSG00000172150.4,chr17,3197519
ENSG00000180090.6,chr17,3298360
ENSG00000180042.5,chr17,3385930
ENSG00000180016.2,chr17,3398410
ENSG00000159961.3,chr17,3411370
ENSG00000127780.3,chr17,3433841
ENSG00000177602.5,chr17,3723903
ENSG00000182557.9,chr17,4433940
ENSG00000262165.2,chr17,4807013
ENSG00000256806.6,chr17,6651762
ENSG00000132535.23,chr17,7219836
ENSG00000213859.8,chr17,7351889
ENSG00000283439.4,chr17,7428857
ENSG00000259224.3,chr17,7481446
ENSG00000181222.19,chr17,7484366
ENSG00000132518.7,chr17,8002615
ENSG00000179148.11,chr17,8119047
ENSG00000196544.8,chr17,8190180
ENSG00000184650.11,chr17,8339840
ENSG00000189051.6,chr17,8397827
ENSG00000185156.6,chr17,8799365
ENSG00000214978.8,chr17,9822079
ENSG00000133020.4,chr17,10421950
ENSG00000264424.1,chr17,10469559
ENSG00000223510.7,chr17,14236862
ENSG00000175106.17,chr17,15563595
ENSG00000214946.15,chr17,15732247
ENSG00000240505.9,chr17,16972118
ENSG00000091536.20,chr17,18108756
ENSG00000189375.12,chr17,18644427
ENSG00000240445.6,chr17,18682314
ENSG00000214819.2,chr17,20579724
ENSG00000260458.3,chr17,21692523
ENSG00000274529.6,chr17,28365199
ENSG00000108255.8,chr17,29246859
ENSG00000176927.16,chr17,29929200
ENSG00000126861.5,chr17,31297539
ENSG00000290320.1,chr17,32895433
ENSG00000141316.13,chr17,32970376
ENSG00000108684.15,chr17,34174964
ENSG00000108688.11,chr17,34270221
ENSG00000108700.5,chr17,34319435
ENSG00000108702.4,chr17,34363233
ENSG00000198783.6,chr17,34961540
ENSG00000073598.6,chr17,35121615
ENSG00000164729.8,chr17,35194393
ENSG00000236320.4,chr17,35560819
ENSG00000270806.2,chr17,35760887
ENSG00000270379.6,chr17,35868891
ENSG00000277632.2,chr17,36090169
ENSG00000274808.6,chr17,36176636
ENSG00000276085.1,chr17,36196758
ENSG00000274933.6,chr17,36264570
ENSG00000274226.6,chr17,36388435
ENSG00000278505.5,chr17,37375985
ENSG00000278299.6,chr17,38068634
ENSG00000278599.6,chr17,38127951
ENSG00000277399.6,chr17,38343956
ENSG00000277363.5,chr17,38605952
ENSG00000273604.2,chr17,38674957
ENSG00000141748.13,chr17,39167484
ENSG00000183153.7,chr17,40364737
ENSG00000204897.7,chr17,40755331
ENSG00000186393.6,chr17,40772201
ENSG00000171446.7,chr17,40782550
ENSG00000173908.9,chr17,40799959
ENSG00000204889.11,chr17,40987135
ENSG00000212899.3,chr17,40994164
ENSG00000212900.3,chr17,40999906
ENSG00000212901.4,chr17,41019324
ENSG00000221852.5,chr17,41027208
ENSG00000204887.5,chr17,41030195
ENSG00000221880.4,chr17,41034874
ENSG00000188581.9,chr17,41041450
ENSG00000212725.4,chr17,41047316
ENSG00000214518.4,chr17,41055230
ENSG00000212724.3,chr17,41060114
ENSG00000213417.3,chr17,41065879
ENSG00000240871.7,chr17,41084150
ENSG00000204880.9,chr17,41098142
ENSG00000241241.1,chr17,41102209
ENSG00000212722.9,chr17,41105389
ENSG00000212721.4,chr17,41118373
ENSG00000213416.4,chr17,41124182
ENSG00000198090.4,chr17,41140544
ENSG00000198271.5,chr17,41149825
ENSG00000171396.12,chr17,41160748
ENSG00000196156.5,chr17,41168221
ENSG00000244537.3,chr17,41178221
ENSG00000198443.8,chr17,41184911
ENSG00000240542.6,chr17,41189887
ENSG00000239886.5,chr17,41226648
ENSG00000204873.5,chr17,41232449
ENSG00000187272.7,chr17,41237999
ENSG00000241595.2,chr17,41249687
ENSG00000198083.9,chr17,41255384
ENSG00000212659.2,chr17,41265378
ENSG00000180386.8,chr17,41275698
ENSG00000212658.1,chr17,41302851
ENSG00000212657.2,chr17,41309309
ENSG00000186860.5,chr17,41315710
ENSG00000131738.11,chr17,41369813
ENSG00000131737.7,chr17,41382306
ENSG00000108417.4,chr17,41424585
ENSG00000171360.4,chr17,41440983
ENSG00000108759.4,chr17,41467386
ENSG00000197079.9,chr17,41481151
ENSG00000126337.14,chr17,41492546
ENSG00000171403.10,chr17,41572059
ENSG00000260325.2,chr17,42122804
ENSG00000161610.1,chr17,42185452
ENSG00000068120.15,chr17,42561467
ENSG00000184451.5,chr17,42683917
ENSG00000167941.3,chr17,43758791
ENSG00000180340.7,chr17,44557484
ENSG00000186834.4,chr17,45148475
ENSG00000185294.7,chr17,45844881
ENSG00000256762.1,chr17,45999250
ENSG00000179673.5,chr17,46979253
ENSG00000120094.9,chr17,48531011
ENSG00000159224.4,chr17,48968596
ENSG00000108813.12,chr17,49968588
ENSG00000064195.7,chr17,49995224
ENSG00000006283.18,chr17,50560715
ENSG00000141200.8,chr17,53822927
ENSG00000261873.3,chr17,55511452
ENSG00000153930.13,chr17,55882301
ENSG00000183691.6,chr17,56593699
ENSG00000166329.3,chr17,57745299
ENSG00000141194.7,chr17,58148384
ENSG00000255713.2,chr17,58166982
ENSG00000121053.6,chr17,58192726
ENSG00000005381.9,chr17,58280935
ENSG00000176160.11,chr17,58488408
ENSG00000068489.13,chr17,59155732
ENSG00000153982.11,chr17,59220467
ENSG00000253506.3,chr17,61591219
ENSG00000172421.10,chr17,62343941
ENSG00000136485.16,chr17,63550222
ENSG00000007314.12,chr17,63972918
ENSG00000075429.9,chr17,66835117
ENSG00000257008.7,chr17,74367458
ENSG00000284690.3,chr17,74567343
ENSG00000204345.1,chr17,74592283
ENSG00000182040.9,chr17,74923256
ENSG00000180901.11,chr17,75032575
ENSG00000266714.11,chr17,75587800
ENSG00000186919.13,chr17,76071961
ENSG00000187775.17,chr17,78577396
ENSG00000141564.16,chr17,80544819
ENSG00000225180.8,chr17,81165507
ENSG00000177143.5,chr18,580380
ENSG00000206422.3,chr18,7231089
ENSG00000168454.13,chr18,9885766
ENSG00000236396.8,chr18,11609596
ENSG00000255112.3,chr18,11851413
ENSG00000176136.6,chr18,13824149
ENSG00000183206.18,chr18,14543600
ENSG00000212710.5,chr18,22417915
ENSG00000141437.10,chr18,31760880
ENSG00000132874.15,chr18,45212995
ENSG00000206181.7,chr18,47035621
ENSG00000187323.13,chr18,52340197
ENSG00000228075.5,chr18,57147087
ENSG00000119547.6,chr18,57435374
ENSG00000166603.5,chr18,60372775
ENSG00000166634.7,chr18,63542369
ENSG00000206072.13,chr18,63647579
ENSG00000242550.7,chr18,63907958
ENSG00000206043.7,chr18,74315839
ENSG00000206026.7,chr18,75427703
ENSG00000267127.7,chr18,80034346
ENSG00000105549.11,chr19,376026
ENSG00000099822.3,chr19,589881
ENSG00000070388.12,chr19,639879
ENSG00000116032.5,chr19,1000419
ENSG00000064687.13,chr19,1039997
ENSG00000099617.4,chr19,1285873
ENSG00000115266.12,chr19,1446302
ENSG00000205922.5,chr19,1753506
ENSG00000104899.8,chr19,2249309
ENSG00000104904.13,chr19,2269509
ENSG00000125910.6,chr19,3172346
ENSG00000284638.2,chr19,3483441
ENSG00000141965.5,chr19,4791734
ENSG00000105428.6,chr19,5455417
ENSG00000174898.16,chr19,5720637
ENSG00000130383.7,chr19,5870540
ENSG00000125650.5,chr19,6379058
ENSG00000181240.14,chr19,6433779
ENSG00000196589.8,chr19,7021431
ENSG00000237247.6,chr19,7030578
ENSG00000205718.10,chr19,7040179
ENSG00000230522.5,chr19,7049321
ENSG00000182315.10,chr19,7069665
ENSG00000032444.17,chr19,7534004
ENSG00000268480.4,chr19,8630633
ENSG00000181786.6,chr19,8698795
ENSG00000181733.4,chr19,8721634
ENSG00000170929.6,chr19,9087061
ENSG00000170923.4,chr19,9107475
ENSG00000161807.3,chr19,9115763
ENSG00000170920.2,chr19,9126950
ENSG00000174667.4,chr19,9219589
ENSG00000237521.4,chr19,9247344
ENSG00000080511.5,chr19,10013249
ENSG00000267534.4,chr19,10231331
ENSG00000220201.8,chr19,10309880
ENSG00000197044.11,chr19,11767000
ENSG00000180855.16,chr19,12441021
ENSG00000283980.1,chr19,12687998
ENSG00000171223.6,chr19,12791486
ENSG00000284491.3,chr19,12802031
ENSG00000188032.10,chr19,14085875
ENSG00000187912.12,chr19,14583084
ENSG00000127515.3,chr19,14848922
ENSG00000185385.5,chr19,14886132
ENSG00000127529.7,chr19,14941489
ENSG00000160994.4,chr19,15010726
ENSG00000105141.6,chr19,15049480
ENSG00000094661.3,chr19,15082211
ENSG00000186526.13,chr19,15615218
ENSG00000171942.5,chr19,15728024
ENSG00000171936.3,chr19,15737985
ENSG00000172519.10,chr19,15787661
ENSG00000186723.4,chr19,15815664
ENSG00000176231.2,chr19,15944299
ENSG00000141977.9,chr19,16173525
ENSG00000188039.17,chr19,16719847
ENSG00000171773.3,chr19,17460926
ENSG00000248099.4,chr19,17821574
ENSG00000105650.23,chr19,18248200
ENSG00000130522.6,chr19,18281622
ENSG00000293570.1,chr19,20358163
ENSG00000196350.9,chr19,22286441
ENSG00000213973.10,chr19,22784151
ENSG00000186326.4,chr19,32675848
ENSG00000245848.3,chr19,33302534
ENSG00000205209.8,chr19,34677159
ENSG00000177558.4,chr19,35228739
ENSG00000126251.7,chr19,35371068
ENSG00000126262.5,chr19,35443907
ENSG00000189001.11,chr19,35528351
ENSG00000105679.9,chr19,35533455
ENSG00000205138.4,chr19,35995188
ENSG00000171804.11,chr19,37906677
ENSG00000196218.15,chr19,38433691
ENSG00000182472.9,chr19,38769904
ENSG00000272395.8,chr19,39248856
ENSG00000183709.8,chr19,39268396
ENSG00000182393.3,chr19,39296407
ENSG00000186838.15,chr19,39515139
ENSG00000213921.8,chr19,39776595
ENSG00000160396.9,chr19,40390181
ENSG00000268041.3,chr19,41928449
ENSG00000105723.13,chr19,42242625
ENSG00000079435.11,chr19,42427388
ENSG00000124466.9,chr19,43465608
ENSG00000226763.5,chr19,43596617
ENSG00000124449.7,chr19,43716076
ENSG00000213892.12,chr19,44699151
ENSG00000179846.11,chr19,45160982
ENSG00000104941.8,chr19,45815308
ENSG00000170604.5,chr19,45886141
ENSG00000188425.4,chr19,45914778
ENSG00000204869.9,chr19,46077118
ENSG00000169515.9,chr19,46413564
ENSG00000277531.3,chr19,46428936
ENSG00000204851.7,chr19,46495879
ENSG00000130749.10,chr19,47113776
ENSG00000178928.9,chr19,47819051
ENSG00000259009.5,chr19,47859235
ENSG00000188334.3,chr19,47992170
ENSG00000169393.10,chr19,47994632
ENSG00000105507.3,chr19,48044079
ENSG00000182264.9,chr19,48746909
ENSG00000104826.15,chr19,49017091
ENSG00000268655.3,chr19,49020549
ENSG00000104818.15,chr19,49031890
ENSG00000267631.5,chr19,49036895
ENSG00000221916.4,chr19,49119143
ENSG00000063127.16,chr19,49325215
ENSG00000161609.10,chr19,49388219
ENSG00000104960.15,chr19,49850735
ENSG00000161643.13,chr19,49969600
ENSG00000131398.15,chr19,50333515
ENSG00000142511.4,chr19,50770464
ENSG00000142513.6,chr19,50790415
ENSG00000167749.12,chr19,50911395
ENSG00000213022.6,chr19,51009634
ENSG00000179213.14,chr19,51246348
ENSG00000160318.6,chr19,51369003
ENSG00000213822.7,chr19,51478539
ENSG00000254415.4,chr19,51646825
ENSG00000182310.16,chr19,51688346
ENSG00000269526.2,chr19,53013921
ENSG00000196131.6,chr19,53258292
ENSG00000228567.3,chr19,53267723
ENSG00000189348.7,chr19,53277462
ENSG00000204595.3,chr19,53600777
ENSG00000142408.7,chr19,53962937
ENSG00000248385.8,chr19,54081365
ENSG00000239961.3,chr19,54339162
ENSG00000275183.2,chr19,54463778
ENSG00000242019.2,chr19,54724442
ENSG00000221957.8,chr19,54832676
ENSG00000180043.11,chr19,55363260
ENSG00000095752.7,chr19,55370463
ENSG00000179954.16,chr19,55488404
ENSG00000185792.10,chr19,55738402
ENSG00000229292.2,chr19,55769118
ENSG00000160505.16,chr19,55836540
ENSG00000197213.11,chr19,56197815
ENSG00000204532.9,chr19,56202273
ENSG00000131864.11,chr19,57119138
ENSG00000141946.1,chr19,57145202
ENSG00000258873.3,chr19,57167485
ENSG00000178201.5,chr19,57457140
ENSG00000180532.12,chr19,57668935
ENSG00000177025.3,chr19,57974534
ENSG00000269855.3,chr19,58395656
ENSG00000151360.10,chr2,3658200
ENSG00000214866.9,chr2,3703575
ENSG00000176887.7,chr2,5692384
ENSG00000151379.4,chr2,17816460
ENSG00000143878.10,chr2,20447074
ENSG00000218819.6,chr2,21123968
ENSG00000115155.19,chr2,26558756
ENSG00000186143.11,chr2,27139410
ENSG00000163794.6,chr2,27308445
ENSG00000162881.7,chr2,42764135
ENSG00000223658.8,chr2,43676429
ENSG00000284701.1,chr2,46479565
ENSG00000239605.11,chr2,47155308
ENSG00000068781.21,chr2,48529925
ENSG00000178021.11,chr2,54256229
ENSG00000244617.3,chr2,69961631
ENSG00000169564.7,chr2,70087477
ENSG00000183733.6,chr2,70790643
ENSG00000187833.8,chr2,73784183
ENSG00000115297.11,chr2,74513463
ENSG00000187627.18,chr2,86913783
ENSG00000172071.15,chr2,88691518
ENSG00000144010.11,chr2,95484754
ENSG00000274286.2,chr2,96116571
ENSG00000249715.13,chr2,96642737
ENSG00000241962.9,chr2,99141485
ENSG00000204640.1,chr2,100470482
ENSG00000198914.5,chr2,104853287
ENSG00000135973.3,chr2,105241743
ENSG00000153165.19,chr2,106468413
ENSG00000196862.10,chr2,107826892
ENSG00000198142.5,chr2,109614364
ENSG00000144130.12,chr2,112721020
ENSG00000136694.9,chr2,113005459
ENSG00000136696.11,chr2,113052867
ENSG00000136697.13,chr2,113067970
ENSG00000184492.7,chr2,113498665
ENSG00000163064.7,chr2,118847648
ENSG00000226479.4,chr2,120223400
ENSG00000155052.15,chr2,124025287
ENSG00000222014.6,chr2,129979666
ENSG00000196834.14,chr2,130509707
ENSG00000136698.10,chr2,130599575
ENSG00000222038.4,chr2,130611440
ENSG00000173302.5,chr2,130729070
ENSG00000188219.16,chr2,131209536
ENSG00000233087.8,chr2,131364168
ENSG00000183840.8,chr2,132416805
ENSG00000121966.8,chr2,136119177
ENSG00000144229.13,chr2,136765545
ENSG00000204406.14,chr2,148021011
ENSG00000177519.4,chr2,153478762
ENSG00000144285.24,chr2,166182806
ENSG00000152254.11,chr2,168901291
ENSG00000138435.16,chr2,174787935
ENSG00000174279.5,chr2,176083962
ENSG00000170178.7,chr2,176099795
ENSG00000196659.10,chr2,177552796
ENSG00000197557.7,chr2,177618742
ENSG00000170396.9,chr2,184598529
ENSG00000187944.5,chr2,196809355
ENSG00000247626.5,chr2,197705369
ENSG00000138395.17,chr2,201790461
ENSG00000155760.3,chr2,202033855
ENSG00000163599.18,chr2,203853888
ENSG00000232125.5,chr2,206721570
ENSG00000163254.5,chr2,208129828
ENSG00000168582.5,chr2,208163589
ENSG00000174453.10,chr2,214411054
ENSG00000144452.15,chr2,215138626
ENSG00000144583.5,chr2,216372483
ENSG00000171450.6,chr2,218959666
ENSG00000243910.9,chr2,219253243
ENSG00000072182.14,chr2,219514170
ENSG00000288658.2,chr2,222320155
ENSG00000152049.7,chr2,223052190
ENSG00000284629.1,chr2,227387949
ENSG00000284643.1,chr2,227598893
ENSG00000284622.2,chr2,227608784
ENSG00000284704.1,chr2,227614840
ENSG00000284631.2,chr2,227617498
ENSG00000284667.1,chr2,227666804
ENSG00000284725.1,chr2,227724757
ENSG00000284718.1,chr2,227728335
ENSG00000284635.2,chr2,227745894
ENSG00000177673.4,chr2,231592864
ENSG00000163283.7,chr2,232378724
ENSG00000163295.5,chr2,232456125
ENSG00000237412.7,chr2,232520388
ENSG00000196811.13,chr2,232539692
ENSG00000221944.9,chr2,232550557
ENSG00000130561.17,chr2,233307816
ENSG00000177483.12,chr2,237798389
ENSG00000182083.8,chr2,240030429
ENSG00000185176.13,chr2,240682906
ENSG00000184945.15,chr2,240691866
ENSG00000188011.5,chr2,241869600
ENSG00000125903.4,chr20,227258
ENSG00000247315.4,chr20,297570
ENSG00000177732.9,chr20,325552
ENSG00000215397.4,chr20,675802
ENSG00000215595.3,chr20,1203454
ENSG00000125900.13,chr20,1557705
ENSG00000166948.10,chr20,2380901
ENSG00000149488.14,chr20,2536573
ENSG00000101200.5,chr20,3084724
ENSG00000125817.8,chr20,3786740
ENSG00000171864.5,chr20,4721909
ENSG00000125879.5,chr20,16748358
ENSG00000132631.6,chr20,18813783
ENSG00000173404.5,chr20,20368104
ENSG00000132671.6,chr20,23035312
ENSG00000178726.7,chr20,23049672
ENSG00000125823.13,chr20,23426104
ENSG00000173335.5,chr20,23605917
ENSG00000101441.5,chr20,23689038
ENSG00000215547.1,chr20,31257664
ENSG00000215545.1,chr20,31308585
ENSG00000131068.4,chr20,31368601
ENSG00000204548.4,chr20,31412838
ENSG00000179772.8,chr20,31845604
ENSG00000131044.19,chr20,31870634
ENSG00000260903.3,chr20,31968151
ENSG00000293164.1,chr20,32190360
ENSG00000215529.13,chr20,32858923
ENSG00000186190.8,chr20,33053903
ENSG00000186191.9,chr20,33079643
ENSG00000131050.11,chr20,33161768
ENSG00000149609.6,chr20,33662327
ENSG00000288649.2,chr20,33666943
ENSG00000125998.8,chr20,35292425
ENSG00000149646.12,chr20,35954564
ENSG00000204103.4,chr20,40689236
ENSG00000124196.6,chr20,43727002
ENSG00000101074.5,chr20,44337043
ENSG00000168703.5,chr20,45124465
ENSG00000124232.11,chr20,45306840
ENSG00000101446.8,chr20,45515622
ENSG00000180205.4,chr20,45631284
ENSG00000180083.11,chr20,45670270
ENSG00000168634.5,chr20,45702038
ENSG00000149651.4,chr20,45722347
ENSG00000184617.11,chr20,46459441
ENSG00000149635.3,chr20,46550654
ENSG00000172216.7,chr20,50190734
ENSG00000124217.5,chr20,50958818
ENSG00000182463.17,chr20,52972358
ENSG00000124089.4,chr20,56248732
ENSG00000124091.10,chr20,56525925
ENSG00000124097.8,chr20,57495366
ENSG00000124227.6,chr20,58228653
ENSG00000124203.7,chr20,59123381
ENSG00000132825.7,chr20,59940305
ENSG00000130699.20,chr20,62065881
ENSG00000125533.6,chr20,63007035
ENSG00000130589.16,chr20,63574239
ENSG00000026036.23,chr20,63659300
ENSG00000196421.9,chr20,64034344
ENSG00000125522.4,chr20,64107565
ENSG00000166351.11,chr21,13609777
ENSG00000188992.12,chr21,14210955
ENSG00000154646.9,chr21,18485879
ENSG00000156282.5,chr21,30166805
ENSG00000156284.6,chr21,30216097
ENSG00000188694.6,chr21,30282950
ENSG00000232263.1,chr21,30289514
ENSG00000197683.5,chr21,30320315
ENSG00000206107.2,chr21,30337694
ENSG00000186980.7,chr21,30348606
ENSG00000182816.9,chr21,30372271
ENSG00000198390.5,chr21,30396031
ENSG00000240432.4,chr21,30425926
ENSG00000186971.4,chr21,30430220
ENSG00000186970.5,chr21,30440275
ENSG00000184351.8,chr21,30480367
ENSG00000186965.5,chr21,30487436
ENSG00000244025.5,chr21,30492013
ENSG00000186967.7,chr21,30497165
ENSG00000186977.3,chr21,30502141
ENSG00000186925.6,chr21,30541864
ENSG00000244362.3,chr21,30561314
ENSG00000206106.2,chr21,30590397
ENSG00000186930.4,chr21,30598902
ENSG00000186924.3,chr21,30601087
ENSG00000184724.5,chr21,30613930
ENSG00000244624.3,chr21,30616425
ENSG00000206105.2,chr21,30620627
ENSG00000184032.3,chr21,30635206
ENSG00000206104.2,chr21,30642864
ENSG00000231068.1,chr21,30718777
ENSG00000187026.3,chr21,30747259
ENSG00000187005.5,chr21,30755428
ENSG00000183640.6,chr21,30813274
ENSG00000274749.1,chr21,30829759
ENSG00000182591.6,chr21,30881580
ENSG00000206102.2,chr21,31038476
ENSG00000184221.13,chr21,33070141
ENSG00000222018.2,chr21,34401072
ENSG00000243627.6,chr21,34423951
ENSG00000171587.15,chr21,40847158
ENSG00000177398.19,chr21,42062959
ENSG00000160181.9,chr21,42350997
ENSG00000233056.4,chr21,42925630
ENSG00000234289.6,chr21,43565182
ENSG00000288593.1,chr21,43939919
ENSG00000215455.4,chr21,44540195
ENSG00000205445.3,chr21,44551505
ENSG00000212935.2,chr21,44558795
ENSG00000215454.7,chr21,44573729
ENSG00000241123.1,chr21,44580604
ENSG00000188155.11,chr21,44592505
ENSG00000272804.3,chr21,44600597
ENSG00000187766.1,chr21,44612079
ENSG00000221837.7,chr21,44627093
ENSG00000221859.2,chr21,44637356
ENSG00000243489.4,chr21,44646414
ENSG00000212933.1,chr21,44654659
ENSG00000205439.10,chr21,44657932
ENSG00000221864.4,chr21,44666927
ENSG00000187175.5,chr21,44682163
ENSG00000189169.8,chr21,44697172
ENSG00000286224.1,chr21,46326288
ENSG00000130538.6,chr22,15528192
ENSG00000198062.16,chr22,15690026
ENSG00000198445.4,chr22,16592810
ENSG00000215568.9,chr22,17008222
ENSG00000183307.4,chr22,17121367
ENSG00000278558.6,chr22,18527802
ENSG00000275793.1,chr22,18611919
ENSG00000286175.1,chr22,18633984
ENSG00000286025.2,chr22,19029524
ENSG00000063515.3,chr22,19150292
ENSG00000184058.16,chr22,19756703
ENSG00000286102.1,chr22,21361299
ENSG00000274600.2,chr22,21383751
ENSG00000183246.8,chr22,21551461
ENSG00000185686.18,chr22,22559361
ENSG00000100121.14,chr22,22644614
ENSG00000128322.7,chr22,23580302
ENSG00000099984.12,chr22,23980058
ENSG00000184571.14,chr22,24774720
ENSG00000100053.10,chr22,25199858
ENSG00000169184.7,chr22,27801756
ENSG00000100249.5,chr22,29061831
ENSG00000128250.5,chr22,29438583
ENSG00000100003.18,chr22,30396941
ENSG00000214491.9,chr22,30546741
ENSG00000205856.4,chr22,32159322
ENSG00000128276.10,chr22,32354885
ENSG00000128313.2,chr22,35717872
ENSG00000189060.6,chr22,37805229
ENSG00000100346.18,chr22,39570753
ENSG00000176177.10,chr22,39893864
ENSG00000225528.4,chr22,39960397
ENSG00000128285.5,chr22,40679273
ENSG00000172404.5,chr22,40862113
ENSG00000100167.21,chr22,41969443
ENSG00000249222.1,chr22,42640601
ENSG00000130943.7,chr22,46263343
ENSG00000188263.11,chr22,50012765
ENSG00000138892.12,chr22,50058298
ENSG00000289809.2,chr3,12825768
ENSG00000131379.10,chr3,14675141
ENSG00000183813.8,chr3,32951644
ENSG00000178567.8,chr3,36993131
ENSG00000172940.13,chr3,38265812
ENSG00000144671.11,chr3,38282294
ENSG00000157093.9,chr3,42410610
ENSG00000173769.4,chr3,44241886
ENSG00000178917.19,chr3,44510636
ENSG00000163810.13,chr3,44874608
ENSG00000249992.2,chr3,45226287
ENSG00000283473.5,chr3,46612525
ENSG00000181585.7,chr3,46694528
ENSG00000283706.2,chr3,46717869
ENSG00000164049.14,chr3,48372219
ENSG00000145040.4,chr3,48563781
ENSG00000183396.4,chr3,48621769
ENSG00000008300.17,chr3,48662886
ENSG00000236980.10,chr3,49191858
ENSG00000164061.5,chr3,49554477
ENSG00000176020.9,chr3,49719684
ENSG00000259956.2,chr3,51391285
ENSG00000214686.7,chr3,51779241
ENSG00000184345.5,chr3,51861615
ENSG00000214681.4,chr3,51875601
ENSG00000180929.6,chr3,51955381
ENSG00000114841.18,chr3,52316319
ENSG00000144771.8,chr3,54967088
ENSG00000144724.20,chr3,61561569
ENSG00000163632.15,chr3,63819299
ENSG00000163376.11,chr3,66998307
ENSG00000170837.3,chr3,71753855
ENSG00000163602.12,chr3,72446621
ENSG00000163605.16,chr3,72996803
ENSG00000255423.1,chr3,73061659
ENSG00000064835.12,chr3,87276584
ENSG00000283434.2,chr3,88338416
ENSG00000183185.10,chr3,98035315
ENSG00000213439.3,chr3,98064472
ENSG00000196578.4,chr3,98087173
ENSG00000231192.3,chr3,98130721
ENSG00000236032.3,chr3,98147479
ENSG00000233412.6,chr3,98166696
ENSG00000230301.6,chr3,98263252
ENSG00000197938.6,chr3,98282505
ENSG00000232535.2,chr3,98306752
ENSG00000196098.2,chr3,98353854
ENSG00000206536.1,chr3,98390666
ENSG00000232382.2,chr3,98463201
ENSG00000231861.3,chr3,98497681
ENSG00000154165.5,chr3,98531978
ENSG00000081148.12,chr3,101320575
ENSG00000293268.2,chr3,101686827
ENSG00000170044.9,chr3,102099244
ENSG00000138483.3,chr3,107377439
ENSG00000114487.10,chr3,109118134
ENSG00000176040.14,chr3,112034736
ENSG00000151577.14,chr3,114199407
ENSG00000174255.8,chr3,114237578
ENSG00000239268.6,chr3,117997592
ENSG00000186103.5,chr3,121567949
ENSG00000180697.9,chr3,126558965
ENSG00000214324.5,chr3,127193131
ENSG00000179407.4,chr3,128466968
ENSG00000184897.7,chr3,129316286
ENSG00000178804.8,chr3,129543175
ENSG00000251287.9,chr3,130081831
ENSG00000172752.16,chr3,130345516
ENSG00000170819.5,chr3,133400056
ENSG00000168875.3,chr3,137764315
ENSG00000183770.7,chr3,138947137
ENSG00000206260.4,chr3,139006268
ENSG00000184814.5,chr3,139020926
ENSG00000233701.3,chr3,139044892
ENSG00000158258.16,chr3,139935185
ENSG00000155890.4,chr3,140678064
ENSG00000114124.3,chr3,141763408
ENSG00000231213.7,chr3,146605346
ENSG00000174963.18,chr3,147406809
ENSG00000163645.15,chr3,150703971
ENSG00000214237.11,chr3,150905439
ENSG00000163646.12,chr3,150972727
ENSG00000174946.7,chr3,151203216
ENSG00000138271.6,chr3,151316820
ENSG00000197953.6,chr3,151733916
ENSG00000169860.7,chr3,152835131
ENSG00000181467.5,chr3,153162226
ENSG00000174948.6,chr3,154430190
ENSG00000168779.21,chr3,158106420
ENSG00000180044.6,chr3,160225422
ENSG00000179674.4,chr3,160677160
ENSG00000182447.4,chr3,161496808
ENSG00000090402.8,chr3,165078496
ENSG00000188306.7,chr3,169812870
ENSG00000187033.9,chr3,169911572
ENSG00000181449.4,chr3,181711925
ENSG00000186090.11,chr3,184031544
ENSG00000178084.2,chr3,184053047
ENSG00000186038.9,chr3,184097064
ENSG00000198398.3,chr3,190449901
ENSG00000253548.1,chr3,191461163
ENSG00000172061.9,chr3,194369743
ENSG00000178732.6,chr3,194399266
ENSG00000185112.6,chr3,194685883
ENSG00000270170.2,chr3,196942674
ENSG00000273238.3,chr4,576295
ENSG00000235608.2,chr4,1406442
ENSG00000188981.11,chr4,3244369
ENSG00000184160.8,chr4,3766348
ENSG00000163982.6,chr4,4226929
ENSG00000163132.8,chr4,4859665
ENSG00000170846.17,chr4,6663396
ENSG00000186222.5,chr4,6716174
ENSG00000173013.6,chr4,7043001
ENSG00000178597.7,chr4,7434930
ENSG00000155269.12,chr4,8558725
ENSG00000229924.3,chr4,9170409
ENSG00000231396.3,chr4,9210657
ENSG00000233136.3,chr4,9215405
ENSG00000227551.1,chr4,9220152
ENSG00000232399.4,chr4,9224896
ENSG00000223569.8,chr4,9234385
ENSG00000249104.3,chr4,9243879
ENSG00000250844.3,chr4,9248630
ENSG00000248920.3,chr4,9253378
ENSG00000250745.3,chr4,9258124
ENSG00000249811.3,chr4,9262872
ENSG00000248933.3,chr4,9267619
ENSG00000250913.2,chr4,9272364
ENSG00000232264.5,chr4,9325165
ENSG00000230430.5,chr4,9329911
ENSG00000229579.5,chr4,9334658
ENSG00000227140.3,chr4,9339403
ENSG00000235780.3,chr4,9344148
ENSG00000231051.3,chr4,9348893
ENSG00000231637.3,chr4,9353638
ENSG00000228856.3,chr4,9363129
ENSG00000137449.17,chr4,15002481
ENSG00000249581.2,chr4,17515165
ENSG00000249948.7,chr4,22692914
ENSG00000163394.6,chr4,26490484
ENSG00000250254.2,chr4,37960398
ENSG00000182308.7,chr4,41981756
ENSG00000215203.3,chr4,42892713
ENSG00000182223.7,chr4,48490252
ENSG00000180613.11,chr4,54099523
ENSG00000250821.3,chr4,55819790
ENSG00000153802.12,chr4,67884002
ENSG00000198092.6,chr4,68129869
ENSG00000185873.8,chr4,68245694
ENSG00000213759.10,chr4,69214748
ENSG00000135226.18,chr4,69280475
ENSG00000271271.6,chr4,69639642
ENSG00000135222.7,chr4,69965728
ENSG00000126549.11,chr4,69995966
ENSG00000126550.10,chr4,70050438
ENSG00000145309.6,chr4,70334981
ENSG00000109208.5,chr4,70360760
ENSG00000171201.12,chr4,70370093
ENSG00000171199.11,chr4,70397931
ENSG00000171195.11,chr4,70430492
ENSG00000187689.10,chr4,70518569
ENSG00000178522.15,chr4,70592256
ENSG00000132464.13,chr4,70628744
ENSG00000132467.4,chr4,70688532
ENSG00000163734.4,chr4,74038807
ENSG00000156194.19,chr4,75902571
ENSG00000186212.4,chr4,76898144
ENSG00000156269.5,chr4,79326061
ENSG00000196475.6,chr4,79408228
ENSG00000197826.13,chr4,80335730
ENSG00000272856.2,chr4,87471050
ENSG00000152591.15,chr4,87608529
ENSG00000177432.8,chr4,88697829
ENSG00000172238.6,chr4,93828753
ENSG00000163114.6,chr4,95840093
ENSG00000248713.2,chr4,99657828
ENSG00000168772.12,chr4,104494901
ENSG00000250298.6,chr4,106368778
ENSG00000180245.7,chr4,109827972
ENSG00000178403.4,chr4,112516180
ENSG00000174599.5,chr4,117085576
ENSG00000109471.5,chr4,122456725
ENSG00000138684.9,chr4,122621066
ENSG00000183090.5,chr4,143700675
ENSG00000151615.3,chr4,146638893
ENSG00000181541.6,chr4,150582151
ENSG00000189099.12,chr4,151277161
ENSG00000256394.3,chr4,155866277
ENSG00000151005.5,chr4,163473754
ENSG00000176979.14,chr4,165016458
ENSG00000250374.5,chr4,165053866
ENSG00000229894.5,chr4,165279704
ENSG00000109511.12,chr4,168092537
ENSG00000145451.13,chr4,174829247
ENSG00000168594.15,chr4,174829668
ENSG00000185758.9,chr4,183322426
ENSG00000168412.7,chr4,186555567
ENSG00000184108.8,chr4,188139441
ENSG00000174358.16,chr5,1201595
ENSG00000164363.10,chr5,1225381
ENSG00000169777.7,chr5,9712378
ENSG00000039139.11,chr5,14011818
ENSG00000249662.7,chr5,17444010
ENSG00000268799.4,chr5,17492076
ENSG00000284373.1,chr5,17498231
ENSG00000284439.1,chr5,17518367
ENSG00000284283.1,chr5,17521801
ENSG00000284234.1,chr5,17525235
ENSG00000284042.1,chr5,17528669
ENSG00000284465.1,chr5,17585758
ENSG00000283967.1,chr5,17590960
ENSG00000283988.1,chr5,17594394
ENSG00000284356.1,chr5,17597828
ENSG00000283776.1,chr5,17632088
ENSG00000250782.1,chr5,17634460
ENSG00000269466.4,chr5,17655849
ENSG00000233974.4,chr5,21484011
ENSG00000164256.11,chr5,23443586
ENSG00000182631.7,chr5,33936386
ENSG00000215156.6,chr5,34190156
ENSG00000132356.12,chr5,40798374
ENSG00000171495.17,chr5,41071342
ENSG00000177721.5,chr5,43043170
ENSG00000112972.16,chr5,43313512
ENSG00000169271.3,chr5,54455699
ENSG00000164287.13,chr5,55173177
ENSG00000164509.17,chr5,55851357
ENSG00000169067.4,chr5,57482811
ENSG00000113448.21,chr5,60522120
ENSG00000186105.8,chr5,62578819
ENSG00000178394.5,chr5,63962507
ENSG00000250138.5,chr5,69632080
ENSG00000251158.2,chr5,69903085
ENSG00000293691.1,chr5,70487719
ENSG00000293689.1,chr5,70508196
ENSG00000164325.8,chr5,73173193
ENSG00000251493.5,chr5,73448777
ENSG00000171540.8,chr5,77638713
ENSG00000164299.7,chr5,80319625
ENSG00000175745.15,chr5,93583222
ENSG00000248483.7,chr5,93741600
ENSG00000175471.20,chr5,95285094
ENSG00000153347.10,chr5,95391366
ENSG00000178015.5,chr5,95620087
ENSG00000206356.6,chr5,99525361
ENSG00000273957.2,chr5,100388975
ENSG00000145777.15,chr5,111070062
ENSG00000212122.4,chr5,113434989
ENSG00000172901.21,chr5,115962454
ENSG00000181867.3,chr5,121851882
ENSG00000196900.5,chr5,126631705
ENSG00000186367.7,chr5,129748094
ENSG00000164399.5,chr5,132060655
ENSG00000169194.10,chr5,132656263
ENSG00000198944.6,chr5,132813302
ENSG00000152705.8,chr5,134967907
ENSG00000251380.3,chr5,135447348
ENSG00000181965.6,chr5,135535964
ENSG00000145839.2,chr5,135895841
ENSG00000271824.2,chr5,136193162
ENSG00000069018.19,chr5,136365545
ENSG00000177733.8,chr5,137754363
ENSG00000061492.12,chr5,138083990
ENSG00000228672.4,chr5,139395104
ENSG00000185129.8,chr5,140107777
ENSG00000182700.5,chr5,140125937
ENSG00000171815.6,chr5,141051374
ENSG00000113205.5,chr5,141100473
ENSG00000081818.4,chr5,141121818
ENSG00000113209.9,chr5,141135206
ENSG00000113211.6,chr5,141150057
ENSG00000113212.7,chr5,141172644
ENSG00000120322.5,chr5,141177790
ENSG00000272674.4,chr5,141182387
ENSG00000177839.7,chr5,141187127
ENSG00000120324.9,chr5,141192353
ENSG00000197479.7,chr5,141199610
ENSG00000120328.6,chr5,141208697
ENSG00000187372.11,chr5,141213919
ENSG00000120327.7,chr5,141223343
ENSG00000113248.6,chr5,141245395
ENSG00000120329.7,chr5,141304049
ENSG00000178913.9,chr5,141320784
ENSG00000113555.6,chr5,141969741
ENSG00000204928.3,chr5,145937126
ENSG00000173250.3,chr5,146516190
ENSG00000196800.7,chr5,148168546
ENSG00000178172.7,chr5,148202794
ENSG00000248109.3,chr5,148221650
ENSG00000204909.8,chr5,148321203
ENSG00000169252.6,chr5,148826611
ENSG00000186334.10,chr5,151303766
ENSG00000086570.13,chr5,151591331
ENSG00000145888.11,chr5,151924851
ENSG00000226650.6,chr5,155013755
ENSG00000231989.5,chr5,156850295
ENSG00000170613.4,chr5,157166264
ENSG00000145863.11,chr5,161547063
ENSG00000188573.8,chr5,168529305
ENSG00000182132.15,chr5,170353487
ENSG00000214360.5,chr5,172194172
ENSG00000289731.3,chr5,176058717
ENSG00000196570.3,chr5,177400661
ENSG00000175325.2,chr5,177996242
ENSG00000204677.14,chr5,178006348
ENSG00000244234.3,chr5,178187371
ENSG00000113262.16,chr5,178996206
ENSG00000251545.3,chr5,179522483
ENSG00000204661.10,chr5,179658432
ENSG00000174339.3,chr5,180740058
ENSG00000185372.4,chr5,181131169
ENSG00000182613.3,chr5,181147586
ENSG00000188996.5,chr6,657100
ENSG00000164379.7,chr6,1312098
ENSG00000054598.9,chr6,1609915
ENSG00000145975.15,chr6,4087344
ENSG00000219607.4,chr6,5085341
ENSG00000164304.16,chr6,7389742
ENSG00000137203.15,chr6,10419659
ENSG00000111837.12,chr6,10838553
ENSG00000124827.7,chr6,10882041
ENSG00000244476.4,chr6,11111845
ENSG00000124788.19,chr6,16761491
ENSG00000187566.6,chr6,18122677
ENSG00000124766.7,chr6,21593751
ENSG00000112273.7,chr6,22569566
ENSG00000164508.6,chr6,25726562
ENSG00000146047.7,chr6,25726777
ENSG00000124610.5,chr6,26017787
ENSG00000278637.3,chr6,26021649
ENSG00000278705.4,chr6,26027283
ENSG00000278463.2,chr6,26033618
ENSG00000276410.5,chr6,26043713
ENSG00000287080.2,chr6,26045384
ENSG00000187837.5,chr6,26056470
ENSG00000197061.5,chr6,26103933
ENSG00000187475.6,chr6,26108135
ENSG00000168298.7,chr6,26156329
ENSG00000274290.3,chr6,26172059
ENSG00000277157.2,chr6,26189112
ENSG00000197409.9,chr6,26197286
ENSG00000196866.3,chr6,26199293
ENSG00000277224.3,chr6,26199516
ENSG00000276966.3,chr6,26204610
ENSG00000277075.4,chr6,26216921
ENSG00000124575.7,chr6,26234987
ENSG00000274618.2,chr6,26240393
ENSG00000275663.2,chr6,26246996
ENSG00000277775.2,chr6,26250635
ENSG00000275713.3,chr6,26251614
ENSG00000273983.2,chr6,26271413
ENSG00000278588.2,chr6,26272931
ENSG00000158406.6,chr6,26285638
ENSG00000124557.14,chr6,26500303
ENSG00000196787.5,chr6,27133043
ENSG00000276180.3,chr6,27139282
ENSG00000274997.2,chr6,27147106
ENSG00000158553.5,chr6,27312273
ENSG00000196747.5,chr6,27808173
ENSG00000278828.2,chr6,27810051
ENSG00000276368.2,chr6,27814777
ENSG00000273703.2,chr6,27815022
ENSG00000197238.5,chr6,27824092
ENSG00000273542.3,chr6,27831560
ENSG00000275221.3,chr6,27838375
ENSG00000276903.2,chr6,27865317
ENSG00000184357.5,chr6,27867588
ENSG00000275379.2,chr6,27872346
ENSG00000275126.2,chr6,27873534
ENSG00000197153.5,chr6,27893106
ENSG00000278677.2,chr6,27893185
ENSG00000274641.2,chr6,27893425
ENSG00000168131.4,chr6,27912396
ENSG00000124657.1,chr6,27957241
ENSG00000182477.5,chr6,28054165
ENSG00000189134.4,chr6,28259297
ENSG00000224586.7,chr6,28525881
ENSG00000198704.10,chr6,28528215
ENSG00000204704.3,chr6,29045175
ENSG00000204703.5,chr6,29087313
ENSG00000204702.6,chr6,29099490
ENSG00000204701.3,chr6,29108058
ENSG00000204700.5,chr6,29170907
ENSG00000204695.4,chr6,29301701
ENSG00000112462.8,chr6,29375291
ENSG00000280236.3,chr6,29395631
ENSG00000251608.2,chr6,29414928
ENSG00000243729.5,chr6,29431967
ENSG00000206474.8,chr6,29439306
ENSG00000204694.13,chr6,29457071
ENSG00000204688.10,chr6,29457155
ENSG00000204687.4,chr6,29487956
ENSG00000237988.6,chr6,29550407
ENSG00000204657.4,chr6,29585121
ENSG00000204544.5,chr6,30983718
ENSG00000204540.11,chr6,31114750
ENSG00000204539.4,chr6,31120446
ENSG00000204536.15,chr6,31158238
ENSG00000204511.3,chr6,31528962
ENSG00000204439.4,chr6,31660778
ENSG00000240053.9,chr6,31669976
ENSG00000204428.12,chr6,31684040
ENSG00000204420.10,chr6,31718594
ENSG00000204421.3,chr6,31721746
ENSG00000204388.7,chr6,31827738
ENSG00000204296.13,chr6,32371907
ENSG00000237541.4,chr6,32741391
ENSG00000235863.4,chr6,33277123
ENSG00000286920.2,chr6,33329279
ENSG00000197283.18,chr6,33419661
ENSG00000204140.10,chr6,35781019
ENSG00000180316.13,chr6,36243203
ENSG00000179165.12,chr6,36442854
ENSG00000124721.18,chr6,38715311
ENSG00000095981.11,chr6,39322968
ENSG00000124602.11,chr6,41039221
ENSG00000188112.10,chr6,42142620
ENSG00000112599.9,chr6,42194956
ENSG00000124659.7,chr6,42746103
ENSG00000221821.4,chr6,42890821
ENSG00000146216.14,chr6,43243481
ENSG00000112715.26,chr6,43770184
ENSG00000137225.13,chr6,44158811
ENSG00000203972.10,chr6,49499923
ENSG00000124812.15,chr6,49877096
ENSG00000177684.4,chr6,49964164
ENSG00000214642.1,chr6,49969625
ENSG00000203970.4,chr6,50021994
ENSG00000008197.5,chr6,50713526
ENSG00000112115.7,chr6,52186375
ENSG00000112116.11,chr6,52245689
ENSG00000182793.12,chr6,52840843
ENSG00000137251.16,chr6,54307859
ENSG00000187871.2,chr6,55327469
ENSG00000198225.6,chr6,63211469
ENSG00000214558.5,chr6,65301476
ENSG00000256980.5,chr6,73225770
ENSG00000135312.7,chr6,77463491
ENSG00000269964.4,chr6,77650274
ENSG00000203877.9,chr6,83853360
ENSG00000203872.7,chr6,87344813
ENSG00000118434.9,chr6,88047841
ENSG00000111886.11,chr6,89315299
ENSG00000118412.13,chr6,89829894
ENSG00000135355.4,chr6,89894469
ENSG00000184486.10,chr6,98834574
ENSG00000112238.12,chr6,99606774
ENSG00000187772.8,chr6,104936616
ENSG00000187189.11,chr6,116254075
ENSG00000164451.14,chr6,116529013
ENSG00000173626.10,chr6,116545684
ENSG00000173612.10,chr6,116829083
ENSG00000180658.4,chr6,131701401
ENSG00000236761.6,chr6,131711017
ENSG00000237110.3,chr6,132538277
ENSG00000146385.2,chr6,132552672
ENSG00000146383.7,chr6,132570322
ENSG00000135569.5,chr6,132589741
ENSG00000146378.6,chr6,132624275
ENSG00000177468.7,chr6,137494394
ENSG00000254440.3,chr6,138218491
ENSG00000262543.2,chr6,138377905
ENSG00000164440.16,chr6,139291998
ENSG00000203733.6,chr6,142132925
ENSG00000135577.5,chr6,142147122
ENSG00000169976.7,chr6,144095573
ENSG00000118492.19,chr6,146598967
ENSG00000177688.7,chr6,149400262
ENSG00000112038.18,chr6,154010496
ENSG00000074771.4,chr6,155455839
ENSG00000112541.19,chr6,165988117
ENSG00000176381.6,chr6,166308448
ENSG00000235272.3,chr6,166586678
ENSG00000120436.4,chr6,167157980
ENSG00000153303.18,chr6,168101511
ENSG00000185127.7,chr6,169702126
ENSG00000248767.2,chr7,290170
ENSG00000164853.9,chr7,1232872
ENSG00000275572.2,chr7,2476894
ENSG00000106003.14,chr7,2512529
ENSG00000146555.20,chr7,3301252
ENSG00000218823.2,chr7,4862030
ENSG00000273313.1,chr7,5072125
ENSG00000122543.11,chr7,5879827
ENSG00000157999.6,chr7,6031376
ENSG00000215045.9,chr7,6551461
ENSG00000226690.9,chr7,12469621
ENSG00000205858.10,chr7,16526825
ENSG00000229937.9,chr7,18027846
ENSG00000146618.3,chr7,19145421
ENSG00000004846.17,chr7,20615667
ENSG00000105954.2,chr7,25228486
ENSG00000106031.9,chr7,27200091
ENSG00000255690.3,chr7,28958330
ENSG00000187258.14,chr7,34658218
ENSG00000164532.11,chr7,35254100
ENSG00000086288.12,chr7,37848597
ENSG00000164556.7,chr7,38687037
ENSG00000106536.21,chr7,38977909
ENSG00000136206.5,chr7,43997897
ENSG00000106633.18,chr7,44198170
ENSG00000146676.10,chr7,44885530
ENSG00000283247.2,chr7,45873082
ENSG00000218305.5,chr7,48924547
ENSG00000164500.7,chr7,50095883
ENSG00000221900.6,chr7,53035633
ENSG00000154997.9,chr7,55862755
ENSG00000182111.9,chr7,57450177
ENSG00000241149.4,chr7,63998849
ENSG00000223614.6,chr7,64207203
ENSG00000197123.9,chr7,64228474
ENSG00000230358.6,chr7,67276941
ENSG00000273520.6,chr7,73029766
ENSG00000275976.6,chr7,73057911
ENSG00000262461.7,chr7,73086038
ENSG00000274570.6,chr7,73155431
ENSG00000188763.5,chr7,73433778
ENSG00000176410.8,chr7,73683453
ENSG00000165215.6,chr7,73770270
ENSG00000189143.10,chr7,73799542
ENSG00000184616.12,chr7,74915078
ENSG00000286038.2,chr7,75280790
ENSG00000286137.3,chr7,75307376
ENSG00000286014.2,chr7,75335343
ENSG00000170092.15,chr7,75492320
ENSG00000185040.14,chr7,76543297
ENSG00000186645.11,chr7,77032361
ENSG00000214415.4,chr7,80512064
ENSG00000182348.7,chr7,88759700
ENSG00000164645.3,chr7,88795737
ENSG00000242950.7,chr7,92477986
ENSG00000242265.6,chr7,94656325
ENSG00000006377.11,chr7,97005553
ENSG00000135175.6,chr7,97991169
ENSG00000244623.2,chr7,99877033
ENSG00000176402.6,chr7,99929620
ENSG00000214300.8,chr7,100307702
ENSG00000146839.19,chr7,100733595
ENSG00000176125.7,chr7,100889715
ENSG00000169876.14,chr7,101020072
ENSG00000106436.8,chr7,101629296
ENSG00000260097.3,chr7,102356444
ENSG00000205238.12,chr7,102551226
ENSG00000173678.15,chr7,102650319
ENSG00000187416.13,chr7,104328603
ENSG00000253276.5,chr7,106661158
ENSG00000154438.8,chr7,117428123
ENSG00000188050.3,chr7,122699117
ENSG00000235631.2,chr7,122702922
ENSG00000128519.3,chr7,122995700
ENSG00000106304.16,chr7,123925237
ENSG00000234224.3,chr7,124033067
ENSG00000230268.4,chr7,124476317
ENSG00000205085.13,chr7,128671693
ENSG00000158525.16,chr7,130344816
ENSG00000213265.9,chr7,130687432
ENSG00000266265.4,chr7,130734207
ENSG00000189320.9,chr7,135748813
ENSG00000127362.2,chr7,141764097
ENSG00000127364.4,chr7,141776674
ENSG00000127366.5,chr7,141790217
ENSG00000165076.14,chr7,141841487
ENSG00000237621.4,chr7,141887148
ENSG00000258083.2,chr7,141916399
ENSG00000257138.1,chr7,141973773
ENSG00000257743.9,chr7,142111718
ENSG00000204983.15,chr7,142749468
ENSG00000179468.6,chr7,143027132
ENSG00000225781.2,chr7,143052341
ENSG00000236398.2,chr7,143183419
ENSG00000221937.4,chr7,143222037
ENSG00000185899.1,chr7,143443453
ENSG00000221855.1,chr7,143477873
ENSG00000176510.5,chr7,143519469
ENSG00000271079.1,chr7,143571801
ENSG00000283528.2,chr7,143647646
ENSG00000271321.1,chr7,143757696
ENSG00000221910.3,chr7,143935233
ENSG00000213215.5,chr7,143954844
ENSG00000221813.4,chr7,144000320
ENSG00000221836.4,chr7,144048948
ENSG00000221933.3,chr7,144069811
ENSG00000221858.3,chr7,144086278
ENSG00000221989.3,chr7,144109583
ENSG00000221938.5,chr7,144123176
ENSG00000288784.1,chr7,144183466
ENSG00000212807.3,chr7,144239605
ENSG00000289604.1,chr7,144269288
ENSG00000221970.4,chr7,144312419
ENSG00000174469.23,chr7,146116002
ENSG00000170279.3,chr7,148590766
ENSG00000181652.20,chr7,151024499
ENSG00000278685.4,chr7,151205496
ENSG00000082014.17,chr7,151277896
ENSG00000106648.15,chr7,151956379
ENSG00000130226.18,chr7,153748133
ENSG00000146910.14,chr7,155555450
ENSG00000283128.3,chr7,155644406
ENSG00000164690.8,chr7,155812463
ENSG00000230045.4,chr8,7256904
ENSG00000233132.4,chr8,7264526
ENSG00000223885.4,chr8,7279770
ENSG00000215373.4,chr8,7287392
ENSG00000233295.3,chr8,7295014
ENSG00000206034.2,chr8,7312722
ENSG00000230549.3,chr8,7332387
ENSG00000236125.3,chr8,7337115
ENSG00000215371.3,chr8,7373114
ENSG00000215372.6,chr8,7385558
ENSG00000177257.3,chr8,7416863
ENSG00000177243.3,chr8,7430348
ENSG00000177023.2,chr8,7475082
ENSG00000187082.2,chr8,7486400
ENSG00000186599.8,chr8,7487679
ENSG00000198129.3,chr8,7495911
ENSG00000255251.2,chr8,7539627
ENSG00000285975.1,chr8,7559712
ENSG00000285687.1,chr8,7575006
ENSG00000285765.1,chr8,7582653
ENSG00000285814.1,chr8,7715443
ENSG00000285913.1,chr8,7723091
ENSG00000285620.1,chr8,7730739
ENSG00000285937.1,chr8,7738387
ENSG00000285720.1,chr8,7746034
ENSG00000285607.1,chr8,7761330
ENSG00000255378.1,chr8,7781413
ENSG00000186572.2,chr8,7815716
ENSG00000186562.8,chr8,7823880
ENSG00000186579.3,chr8,7825139
ENSG00000176782.3,chr8,7836436
ENSG00000176797.4,chr8,7881392
ENSG00000215356.4,chr8,7926337
ENSG00000237038.5,chr8,7973253
ENSG00000225327.3,chr8,7977985
ENSG00000205989.2,chr8,7997645
ENSG00000233115.5,chr8,8015352
ENSG00000215354.10,chr8,8022998
ENSG00000254229.4,chr8,8030646
ENSG00000253649.6,chr8,10547624
ENSG00000183638.6,chr8,10712187
ENSG00000177710.6,chr8,11331012
ENSG00000205884.2,chr8,11974599
ENSG00000205883.3,chr8,11982256
ENSG00000205882.9,chr8,12000752
ENSG00000233050.1,chr8,12071747
ENSG00000215343.8,chr8,12089338
ENSG00000226430.7,chr8,12134099
ENSG00000223443.3,chr8,12138849
ENSG00000254866.3,chr8,12158033
ENSG00000232948.1,chr8,12318316
ENSG00000164743.5,chr8,13566869
ENSG00000179388.9,chr8,22693480
ENSG00000104679.12,chr8,23270120
ENSG00000180053.8,chr8,23706756
ENSG00000215262.8,chr8,36784324
ENSG00000104755.16,chr8,39838227
ENSG00000176907.5,chr8,40153482
ENSG00000165066.13,chr8,41650817
ENSG00000188877.12,chr8,43292483
ENSG00000206579.10,chr8,55102028
ENSG00000172680.1,chr8,56113982
ENSG00000180828.3,chr8,64580365
ENSG00000179041.4,chr8,66429014
ENSG00000178125.15,chr8,67056604
ENSG00000274443.5,chr8,73259530
ENSG00000091656.19,chr8,76681239
ENSG00000205186.4,chr8,81461579
ENSG00000253598.3,chr8,81695058
ENSG00000184672.12,chr8,84182787
ENSG00000147613.8,chr8,86088621
ENSG00000164893.9,chr8,86321146
ENSG00000170289.13,chr8,86743675
ENSG00000176566.5,chr8,87874015
ENSG00000214954.9,chr8,91101832
ENSG00000180543.5,chr8,97277928
ENSG00000155087.4,chr8,102551589
ENSG00000164933.13,chr8,103415189
ENSG00000174417.3,chr8,109086585
ENSG00000164756.13,chr8,116950273
ENSG00000183665.5,chr8,124450820
ENSG00000212993.6,chr8,127322183
ENSG00000136997.22,chr8,127735434
ENSG00000147697.10,chr8,129786624
ENSG00000184156.18,chr8,132481095
ENSG00000226807.7,chr8,141507230
ENSG00000198576.4,chr8,142614479
ENSG00000182759.4,chr8,143430732
ENSG00000179886.6,chr8,143597831
ENSG00000255181.3,chr8,143708109
ENSG00000179698.14,chr8,144107726
ENSG00000137090.12,chr9,841690
ENSG00000168263.9,chr9,2717510
ENSG00000205808.7,chr9,4662294
ENSG00000107018.8,chr9,5339876
ENSG00000170777.11,chr9,6328375
ENSG00000155876.6,chr9,19049427
ENSG00000171855.7,chr9,21077942
ENSG00000177047.7,chr9,21141832
ENSG00000137080.4,chr9,21166660
ENSG00000236637.5,chr9,21187587
ENSG00000214042.1,chr9,21202205
ENSG00000186803.3,chr9,21207143
ENSG00000147885.4,chr9,21217311
ENSG00000234829.4,chr9,21228222
ENSG00000228083.3,chr9,21240005
ENSG00000147873.6,chr9,21305313
ENSG00000120235.5,chr9,21350956
ENSG00000233816.4,chr9,21368057
ENSG00000188379.7,chr9,21385398
ENSG00000120242.4,chr9,21409117
ENSG00000197919.6,chr9,21440439
ENSG00000184995.7,chr9,21482313
ENSG00000205442.13,chr9,24545946
ENSG00000198680.6,chr9,25678444
ENSG00000120160.11,chr9,27297150
ENSG00000147896.4,chr9,27524290
ENSG00000122728.6,chr9,32635669
ENSG00000010438.17,chr9,33750679
ENSG00000213927.4,chr9,34664048
ENSG00000174038.13,chr9,35041095
ENSG00000204930.10,chr9,35828747
ENSG00000168828.6,chr9,35870401
ENSG00000196196.3,chr9,35906202
ENSG00000278889.4,chr9,35958154
ENSG00000243641.3,chr9,36003867
ENSG00000196092.14,chr9,37034268
ENSG00000283329.2,chr9,38720133
ENSG00000204849.10,chr9,39355669
ENSG00000273514.2,chr9,41128681
ENSG00000185775.10,chr9,42183659
ENSG00000276581.3,chr9,60914407
ENSG00000276040.5,chr9,61190036
ENSG00000283378.1,chr9,61330717
ENSG00000204779.2,chr9,65285209
ENSG00000184659.6,chr9,65737146
ENSG00000275969.3,chr9,66992550
ENSG00000187559.6,chr9,68302867
ENSG00000187866.10,chr9,68780065
ENSG00000165059.8,chr9,69014113
ENSG00000285130.2,chr9,69035747
ENSG00000083067.27,chr9,71446977
ENSG00000204669.11,chr9,72072721
ENSG00000165091.18,chr9,72521608
ENSG00000189357.9,chr9,81928428
ENSG00000186788.14,chr9,81943500
ENSG00000214929.4,chr9,81988772
ENSG00000197506.8,chr9,84340758
ENSG00000180447.7,chr9,86947506
ENSG00000177992.10,chr9,87882877
ENSG00000230246.9,chr9,87914488
ENSG00000283205.1,chr9,87956214
ENSG00000177910.9,chr9,88138475
ENSG00000130950.15,chr9,94328644
ENSG00000185920.19,chr9,95517057
ENSG00000285269.2,chr9,96352058
ENSG00000178919.9,chr9,97853226
ENSG00000188386.8,chr9,101595021
ENSG00000186881.3,chr9,104504263
ENSG00000148136.5,chr9,104527209
ENSG00000204246.4,chr9,104536856
ENSG00000186943.1,chr9,104569168
ENSG00000277556.1,chr9,104599413
ENSG00000276119.1,chr9,104605627
ENSG00000136839.1,chr9,104618204
ENSG00000179055.8,chr9,104694518
ENSG00000148156.8,chr9,108855986
ENSG00000187003.7,chr9,108862266
ENSG00000260230.5,chr9,109167249
ENSG00000171133.4,chr9,111330224
ENSG00000136834.3,chr9,122477926
ENSG00000197233.7,chr9,122510802
ENSG00000239590.1,chr9,122519141
ENSG00000171505.6,chr9,122527293
ENSG00000171501.11,chr9,122553112
ENSG00000165202.3,chr9,122614738
ENSG00000280094.3,chr9,122657627
ENSG00000173679.2,chr9,122661566
ENSG00000171481.5,chr9,122675130
ENSG00000136939.1,chr9,122723990
ENSG00000171459.4,chr9,122742303
ENSG00000148215.4,chr9,122788933
ENSG00000165204.3,chr9,122800123
ENSG00000175283.8,chr9,128947603
ENSG00000188483.8,chr9,129178261
ENSG00000179058.8,chr9,129621101
ENSG00000130711.5,chr9,130664594
ENSG00000188710.3,chr9,130896812
ENSG00000170835.17,chr9,133061981
ENSG00000175164.16,chr9,133276024
ENSG00000236543.3,chr9,135604345
ENSG00000148386.10,chr9,135663309
ENSG00000107187.17,chr9,136205128
ENSG00000260220.7,chr9,136306901
ENSG00000187713.7,chr9,137205648
ENSG00000197191.7,chr9,137225174
ENSG00000188163.8,chr9,137247770
ENSG00000198435.4,chr9,137302271
ENSG00000185960.15,chrX,624344
ENSG00000205755.13,chrX,1212723
ENSG00000196433.13,chrX,1615059
ENSG00000205667.3,chrX,3006546
ENSG00000182583.13,chrX,7842262
ENSG00000205642.11,chrX,8464830
ENSG00000183304.10,chrX,8801383
ENSG00000177138.17,chrX,9295682
ENSG00000125363.14,chrX,11293413
ENSG00000169933.17,chrX,11822423
ENSG00000101916.12,chrX,12906620
ENSG00000123594.7,chrX,13320053
ENSG00000101958.14,chrX,14529298
ENSG00000182798.10,chrX,16167481
ENSG00000169906.5,chrX,16650158
ENSG00000188158.17,chrX,17375200
ENSG00000177324.14,chrX,18220886
ENSG00000102104.9,chrX,18672108
ENSG00000185915.5,chrX,21658330
ENSG00000230797.3,chrX,21855987
ENSG00000175809.6,chrX,22272913
ENSG00000184735.7,chrX,22999960
ENSG00000223611.7,chrX,24314069
ENSG00000223731.4,chrX,24360639
ENSG00000176774.6,chrX,26138343
ENSG00000232030.4,chrX,26160601
ENSG00000176746.6,chrX,26192440
ENSG00000188408.5,chrX,26216169
ENSG00000224960.5,chrX,27463341
ENSG00000177689.10,chrX,27807990
ENSG00000226372.4,chrX,27981449
ENSG00000198798.6,chrX,30230657
ENSG00000120289.12,chrX,30242000
ENSG00000132446.7,chrX,31072041
ENSG00000185448.12,chrX,34132314
ENSG00000189132.6,chrX,34942796
ENSG00000189023.11,chrX,35798342
ENSG00000249467.2,chrX,36719829
ENSG00000198173.5,chrX,37008366
ENSG00000187516.7,chrX,37990779
ENSG00000229674.3,chrX,37994272
ENSG00000238205.4,chrX,40623428
ENSG00000102055.7,chrX,42778163
ENSG00000189037.8,chrX,44844021
ENSG00000171478.8,chrX,48130626
ENSG00000275113.1,chrX,49341192
ENSG00000236737.1,chrX,49529869
ENSG00000216649.5,chrX,49551289
ENSG00000205777.19,chrX,49599020
ENSG00000273820.2,chrX,49879484
ENSG00000147081.15,chrX,50201007
ENSG00000130385.6,chrX,50910735
ENSG00000187690.4,chrX,51406948
ENSG00000224109.4,chrX,51618912
ENSG00000283093.1,chrX,51682831
ENSG00000223591.5,chrX,51710512
ENSG00000189369.9,chrX,51743442
ENSG00000187754.9,chrX,52654900
ENSG00000241476.9,chrX,52707178
ENSG00000268447.6,chrX,52751132
ENSG00000102313.9,chrX,54798255
ENSG00000187601.5,chrX,55452127
ENSG00000189299.7,chrX,55623400
ENSG00000188021.9,chrX,56563627
ENSG00000198455.5,chrX,57592011
ENSG00000215174.2,chrX,57680260
ENSG00000198205.7,chrX,57910458
ENSG00000186767.7,chrX,63351332
ENSG00000184675.11,chrX,64205708
ENSG00000189401.3,chrX,70062457
ENSG00000184210.6,chrX,70177483
ENSG00000204195.4,chrX,70234655
ENSG00000186912.7,chrX,70260204
ENSG00000120498.14,chrX,70908711
ENSG00000283599.3,chrX,71667542
ENSG00000242732.6,chrX,72131915
ENSG00000225396.6,chrX,72808210
ENSG00000283594.1,chrX,72912615
ENSG00000184388.6,chrX,73002939
ENSG00000186288.5,chrX,73079512
ENSG00000187969.6,chrX,74304180
ENSG00000186675.7,chrX,75785254
ENSG00000198934.5,chrX,76427710
ENSG00000226784.3,chrX,77969638
ENSG00000196767.9,chrX,83508290
ENSG00000126733.22,chrX,86148451
ENSG00000153779.11,chrX,89921908
ENSG00000102290.23,chrX,91779261
ENSG00000186310.10,chrX,93673578
ENSG00000204086.4,chrX,96883908
ENSG00000102359.9,chrX,100644195
ENSG00000204071.11,chrX,102142970
ENSG00000269405.7,chrX,102247167
ENSG00000286237.1,chrX,102712495
ENSG00000102128.8,chrX,102937272
ENSG00000101812.15,chrX,104039956
ENSG00000123576.5,chrX,104254933
ENSG00000268629.8,chrX,105220694
ENSG00000147234.11,chrX,107449652
ENSG00000170925.3,chrX,107982370
ENSG00000133124.12,chrX,108736563
ENSG00000101890.5,chrX,109482086
ENSG00000176076.7,chrX,109625172
ENSG00000243978.9,chrX,110358848
ENSG00000133136.6,chrX,110440372
ENSG00000204025.8,chrX,111876051
ENSG00000072315.4,chrX,112082776
ENSG00000175718.10,chrX,115189410
ENSG00000230399.2,chrX,118634616
ENSG00000250423.3,chrX,119150579
ENSG00000187808.5,chrX,119758588
ENSG00000125352.6,chrX,119871733
ENSG00000282933.4,chrX,119942834
ENSG00000278646.1,chrX,120878924
ENSG00000226685.4,chrX,120932301
ENSG00000226929.3,chrX,120937158
ENSG00000224089.3,chrX,120942023
ENSG00000226600.3,chrX,120946883
ENSG00000230347.5,chrX,120951744
ENSG00000228517.3,chrX,120956600
ENSG00000226023.6,chrX,120961487
ENSG00000237957.6,chrX,120966348
ENSG00000230594.3,chrX,120971208
ENSG00000236126.3,chrX,120976068
ENSG00000242362.2,chrX,120980928
ENSG00000236371.6,chrX,120985760
ENSG00000182890.5,chrX,121047610
ENSG00000282419.3,chrX,124246249
ENSG00000282815.2,chrX,125319871
ENSG00000198354.7,chrX,126166289
ENSG00000123165.9,chrX,128052403
ENSG00000085185.16,chrX,129981107
ENSG00000147262.5,chrX,130385674
ENSG00000171054.9,chrX,131544074
ENSG00000165694.11,chrX,132128020
ENSG00000171004.19,chrX,132961395
ENSG00000134588.13,chrX,133097109
ENSG00000183434.10,chrX,133218354
ENSG00000184785.6,chrX,134990991
ENSG00000212747.5,chrX,135022542
ENSG00000134590.14,chrX,135032355
ENSG00000203950.7,chrX,135052196
ENSG00000228372.8,chrX,135059685
ENSG00000293663.1,chrX,135392207
ENSG00000269096.7,chrX,135768191
ENSG00000228836.9,chrX,135785503
ENSG00000271449.8,chrX,135820012
ENSG00000273696.5,chrX,135837280
ENSG00000181433.12,chrX,135890182
ENSG00000156920.11,chrX,136300963
ENSG00000165370.3,chrX,137033995
ENSG00000230707.3,chrX,140091678
ENSG00000134595.9,chrX,140505069
ENSG00000227234.2,chrX,141002594
ENSG00000198573.7,chrX,141242517
ENSG00000198021.8,chrX,141584738
ENSG00000203926.5,chrX,141589708
ENSG00000196406.4,chrX,141698739
ENSG00000046774.10,chrX,142205290
ENSG00000276380.2,chrX,143884071
ENSG00000203923.5,chrX,145247503
ENSG00000235699.3,chrX,146809771
ENSG00000224440.2,chrX,146814744
ENSG00000287585.2,chrX,149415506
ENSG00000283697.3,chrX,149549924
ENSG00000268738.3,chrX,149595314
ENSG00000185247.15,chrX,149688228
ENSG00000171116.7,chrX,149774068
ENSG00000123584.7,chrX,149781930
ENSG00000283463.2,chrX,149929573
ENSG00000102195.10,chrX,151176584
ENSG00000166049.11,chrX,151563675
ENSG00000183862.6,chrX,151734746
ENSG00000268902.5,chrX,152721661
ENSG00000198883.12,chrX,152994116
ENSG00000235961.6,chrX,153072454
ENSG00000198681.7,chrX,153179284
ENSG00000278803.3,chrX,153266152
ENSG00000102076.10,chrX,154144243
ENSG00000268221.6,chrX,154182596
ENSG00000166160.9,chrX,154219756
ENSG00000269433.4,chrX,154257582
ENSG00000007350.18,chrX,154295795
ENSG00000278057.4,chrX,154295853
ENSG00000268651.4,chrX,154585133
ENSG00000184033.14,chrX,154619282
ENSG00000126890.14,chrX,154653579
ENSG00000203870.6,chrX,154834662
ENSG00000274183.2,chrX,154884972
ENSG00000288722.1,chrX,154886355
ENSG00000277858.2,chrX,155380709
ENSG00000288709.1,chrX,155382095
ENSG00000277150.2,chrX,155458620
ENSG00000277745.1,chrX,155460005
ENSG00000292354.1,chrY,624344
ENSG00000292363.1,chrY,1212723
ENSG00000292336.1,chrY,1615059
ENSG00000184895.8,chrY,2787682
ENSG00000176679.9,chrY,3579067
ENSG00000099721.16,chrY,6911752
ENSG00000229549.9,chrY,9357797
ENSG00000228927.10,chrY,9398421
ENSG00000258992.7,chrY,9466955
ENSG00000129864.7,chrY,13986473
ENSG00000129862.7,chrY,14056227
ENSG00000129873.8,chrY,17880220
ENSG00000182415.11,chrY,18025787
ENSG00000169953.12,chrY,18773735
ENSG00000280969.2,chrY,20756108
ENSG00000183753.10,chrY,22973819
ENSG00000172352.5,chrY,24048019
ENSG00000183795.8,chrY,24607560
ENSG00000185894.8,chrY,25062548
ENSG00000172288.8,chrY,25622117
